candidate,dataset,family,route,primary,questions,ndcg_at_10,recall_at_10,mrr_at_10,full_qrel_coverage_at_10,p95_ms,double_build_seconds,knowledge_bytes,agent_execution_seconds,native_trial_seconds,generation,profile
g0-baseline,astro,graphify,search,True,40,0.5779156769160976,0.7729166666666667,0.5792261904761904,0.6,146.34051899997758,36.93171158400003,17785739,42.57476,88.641288,0,baseline
g0-baseline,enterprise,legacy,lexical,True,40,0.5749695375722894,0.6192460317460318,0.5986111111111111,0.525,3.4994740000229285,36.694946424999955,4933955,37.75536,80.650859,0,baseline
g0-baseline,architecture,graphify,search,True,40,0.5775650846510725,0.5958333333333333,0.6875,0.425,120.85866199998918,18.28060401600004,32608496,23.867602,78.724289,0,baseline
g0-baseline,data-science,turso,lexical-sql,True,40,0.4016212910774567,0.74375,0.3178769841269841,0.65,621.7307189999701,26.264743548999945,158821350,48.037662,99.68604,0,baseline
g0-baseline,enterprise,turso,lexical-sql,True,40,0.40319114502840775,0.49871031746031746,0.40854166666666664,0.4,63.724564999915856,64.88363875699997,23927107,67.806128,119.612163,0,baseline
g0-baseline,architecture,classical,association,False,40,0.9255793625876316,0.9729166666666667,0.975,0.925,2179.7030469999754,194.323933862,172206005,408.230127,462.605967,0,baseline
g0-baseline,architecture,classical,bm25,False,40,0.8417873692522331,0.8375,0.95,0.65,861.6455540000061,194.323933862,172206005,408.230127,462.605967,0,baseline
g0-baseline,architecture,classical,fusion,True,40,0.9257807641624444,0.9729166666666667,0.975,0.925,1491.1825780000072,194.323933862,172206005,408.230127,462.605967,0,baseline
g0-baseline,architecture,classical,topic,False,40,0.9255793625876316,0.9729166666666667,0.975,0.925,1933.613940999976,194.323933862,172206005,408.230127,462.605967,0,baseline
g0-baseline,enterprise,entity-graph,entity,False,40,0.4525282790837736,0.5657738095238095,0.46673611111111113,0.45,108.48169999997026,77.69699468400006,13856388,90.051482,134.908439,0,baseline
g0-baseline,enterprise,entity-graph,fusion,True,40,0.4673466879301481,0.5803571428571429,0.47333333333333333,0.5,91.82986500002244,77.69699468400006,13856388,90.051482,134.908439,0,baseline
g0-baseline,enterprise,entity-graph,lexical,False,40,0.5940418860485238,0.6373015873015873,0.6077777777777778,0.55,79.85608199999206,77.69699468400006,13856388,90.051482,134.908439,0,baseline
g0-baseline,enterprise,entity-graph,traversal,False,40,0.43274149507640913,0.5032738095238095,0.4604166666666667,0.375,106.6243120000081,77.69699468400006,13856388,90.051482,134.908439,0,baseline
g0-baseline,architecture,ensemble,fast,False,40,0.860373125427927,0.9520833333333334,0.89375,0.875,4797.888368000031,898.478668948,458363799,1360.594722,1405.535635,0,baseline
g0-baseline,architecture,ensemble,quality,True,40,0.8500964545549008,0.9520833333333334,0.8800000000000001,0.875,5763.663080000242,898.478668948,458363799,1360.594722,1405.535635,0,baseline
g0-baseline,architecture,ensemble,robust,False,40,0.8560699230171966,0.9520833333333334,0.905,0.875,1905.5481309997049,898.478668948,458363799,1360.594722,1405.535635,0,baseline
g0-baseline,data-science,embeddings,hybrid,True,40,0.60043749109768,0.8895833333333334,0.5200297619047619,0.8,923.9514420000887,27.63432733000002,79076656,97.987178,147.568968,0,baseline
g0-baseline,data-science,embeddings,lexical,False,40,0.6323564091118224,0.8333333333333334,0.5818749999999999,0.75,959.1382840001188,27.63432733000002,79076656,97.987178,147.568968,0,baseline
g0-baseline,data-science,embeddings,vector,False,40,0.3938300811301899,0.7041666666666667,0.29134920634920636,0.675,2.360043999942718,27.63432733000002,79076656,97.987178,147.568968,0,baseline
g0-baseline,data-science,classical,association,False,40,0.8053872497363544,0.7854166666666667,0.9125,0.7,1143.8827579997906,402.82150052099996,266251750,606.323661,652.176633,0,baseline
g0-baseline,data-science,classical,bm25,False,40,0.9308126691707017,0.9833333333333334,0.940625,0.95,1094.2381780000687,402.82150052099996,266251750,606.323661,652.176633,0,baseline
g0-baseline,data-science,classical,fusion,True,40,0.8053872497363544,0.7854166666666667,0.9125,0.7,987.13745200007,402.82150052099996,266251750,606.323661,652.176633,0,baseline
g0-baseline,data-science,classical,topic,False,40,0.8053872497363544,0.7854166666666667,0.9125,0.7,1119.910217000097,402.82150052099996,266251750,606.323661,652.176633,0,baseline
g0-baseline,enterprise,embeddings,hybrid,True,40,0.516406878690786,0.5991071428571428,0.541875,0.5,47.757154000009905,68.02320215500004,7169691,72.72923,118.692369,0,baseline
g0-baseline,enterprise,embeddings,lexical,False,40,0.5906691808155105,0.6185515873015872,0.615,0.5,9.79371799985529,68.02320215500004,7169691,72.72923,118.692369,0,baseline
g0-baseline,enterprise,embeddings,vector,False,40,0.32558215828649456,0.36924603174603177,0.3771825396825397,0.25,36.20645399996647,68.02320215500004,7169691,72.72923,118.692369,0,baseline
g0-baseline,architecture,legacy,lexical,True,40,0.8154736310803241,0.95,0.80625,0.9,0.3221459999167564,5.404734524999867,25449713,7.021695,52.62194,0,baseline
g0-baseline,architecture,entity-graph,entity,False,40,0.8175814821278008,0.9354166666666666,0.8114880952380952,0.825,3056.2215910003943,217.89850106199992,318372177,728.9517,774.648586,0,baseline
g0-baseline,architecture,entity-graph,fusion,True,40,0.8350413379424438,0.975,0.8133333333333332,0.925,4298.903180000252,217.89850106199992,318372177,728.9517,774.648586,0,baseline
g0-baseline,architecture,entity-graph,lexical,False,40,0.8898418537701088,0.9833333333333334,0.8925000000000001,0.95,3194.6197629999915,217.89850106199992,318372177,728.9517,774.648586,0,baseline
g0-baseline,architecture,entity-graph,traversal,False,40,0.8030291944690846,0.9291666666666666,0.8091666666666667,0.85,3588.5655909996785,217.89850106199992,318372177,728.9517,774.648586,0,baseline
g0-baseline,astro,ensemble,fast,False,40,0.8261885669345291,0.8875,0.9145833333333334,0.725,4219.035045000055,264.7235901539998,145084331,593.772592,638.976947,0,baseline
g0-baseline,astro,ensemble,quality,True,40,0.8262231573917006,0.8875,0.90625,0.725,5785.077953999917,264.7235901539998,145084331,593.772592,638.976947,0,baseline
g0-baseline,astro,ensemble,robust,False,40,0.8333545047679802,0.8875,0.9145833333333334,0.725,3051.6019310002775,264.7235901539998,145084331,593.772592,638.976947,0,baseline
g0-baseline,architecture,embeddings,hybrid,True,40,0.7237714735653961,0.9208333333333334,0.7154464285714286,0.8,411.2021650003044,12.55463635299975,38303852,48.524625,92.606262,0,baseline
g0-baseline,architecture,embeddings,lexical,False,40,0.7213464747415359,0.9291666666666666,0.715654761904762,0.825,418.69650499984346,12.55463635299975,38303852,48.524625,92.606262,0,baseline
g0-baseline,architecture,embeddings,vector,False,40,0.6555841935573563,0.84375,0.6598809523809523,0.65,1.1865820001730754,12.55463635299975,38303852,48.524625,92.606262,0,baseline
g0-baseline,architecture,turso,lexical-sql,True,40,0.5840043018567261,0.8625,0.5272023809523809,0.725,355.7609230001617,13.000703875,76846321,25.336482,72.049644,0,baseline
g0-baseline,enterprise,classical,association,False,40,0.4721490812236234,0.45863095238095236,0.5625,0.375,45.28726399985317,63.44831900500003,8014930,69.665621,114.604793,0,baseline
g0-baseline,enterprise,classical,bm25,False,40,0.5893268014207212,0.6456349206349207,0.6059027777777778,0.55,43.27367099995172,63.44831900500003,8014930,69.665621,114.604793,0,baseline
g0-baseline,enterprise,classical,fusion,True,40,0.43423767296046306,0.4246031746031746,0.5625,0.325,44.548770999881526,63.44831900500003,8014930,69.665621,114.604793,0,baseline
g0-baseline,enterprise,classical,topic,False,40,0.4667744513587383,0.4622023809523809,0.55,0.375,43.643373000122665,63.44831900500003,8014930,69.665621,114.604793,0,baseline
g0-baseline,data-science,adaptive,adaptive,True,40,0.9178174181007902,0.9916666666666666,0.9322916666666666,0.975,2932.4855769996248,256.1454048229998,266252926,376.814121,420.780527,0,baseline
g0-baseline,astro,legacy,lexical,True,40,0.6051893734409577,0.7541666666666667,0.6446527777777777,0.575,2.6259219998792105,16.43315267099979,8773595,17.49597,61.699433,0,baseline
g0-baseline,data-science,entity-graph,entity,False,40,0.8082232181770198,0.9666666666666666,0.7966666666666666,0.9,9290.454726000007,500.44431086500026,676957164,1769.809621,1814.677076,0,baseline
g0-baseline,data-science,entity-graph,fusion,True,40,0.8579062471314278,0.975,0.86875,0.925,8414.527560999886,500.44431086500026,676957164,1769.809621,1814.677076,0,baseline
g0-baseline,data-science,entity-graph,lexical,False,40,0.9030992238880928,0.9916666666666666,0.8875,0.975,8373.26942799973,500.44431086500026,676957164,1769.809621,1814.677076,0,baseline
g0-baseline,data-science,entity-graph,traversal,False,40,0.5120233581543807,0.7958333333333333,0.43548611111111113,0.725,8172.176691999994,500.44431086500026,676957164,1769.809621,1814.677076,0,baseline
g0-baseline,astro,embeddings,hybrid,True,40,0.7851983317054789,0.8583333333333334,0.8554166666666667,0.7,99.4060820003142,27.88638931899959,13011524,36.770726,81.228282,0,baseline
g0-baseline,astro,embeddings,lexical,False,40,0.8595317947189383,0.8875,0.9541666666666666,0.725,84.0404599998692,27.88638931899959,13011524,36.770726,81.228282,0,baseline
g0-baseline,astro,embeddings,vector,False,40,0.5334457484471828,0.6875,0.551875,0.55,17.283722999763995,27.88638931899959,13011524,36.770726,81.228282,0,baseline
g0-baseline,data-science,legacy,lexical,True,40,0.8321588233274824,0.95,0.8175000000000001,0.9,0.45914300017102505,8.80677661799973,52554726,11.333599,56.185037,0,baseline
g0-baseline,astro,adaptive,adaptive,True,40,0.8333545047679802,0.8875,0.9145833333333334,0.725,3213.629840000067,55.81956506999995,34362290,130.79941,173.558196,0,baseline
g0-baseline,enterprise,graphify,search,True,40,0.13626228624863054,0.17371031746031745,0.20423611111111112,0.1,136.96363000008205,146.28162759099996,14940327,150.37589,190.954406,0,baseline
g0-baseline,astro,entity-graph,entity,False,40,0.6801418974632101,0.8729166666666666,0.6886011904761904,0.725,1222.5894700000026,96.13732884599995,114816438,277.933964,320.151138,0,baseline
g0-baseline,astro,entity-graph,fusion,True,40,0.6947023065501792,0.8229166666666666,0.7670833333333333,0.65,1306.5884229999938,96.13732884599995,114816438,277.933964,320.151138,0,baseline
g0-baseline,astro,entity-graph,lexical,False,40,0.726198653452655,0.825,0.8204166666666668,0.6,1218.7346270002308,96.13732884599995,114816438,277.933964,320.151138,0,baseline
g0-baseline,astro,entity-graph,traversal,False,40,0.32300205166298396,0.5041666666666667,0.303125,0.35,1159.2597640001259,96.13732884599995,114816438,277.933964,320.151138,0,baseline
g0-baseline,enterprise,adaptive,adaptive,True,40,0.5033603261131847,0.5899801587301587,0.5747222222222221,0.475,1552.5814050006375,71.95074978000048,8016106,110.480975,155.047033,0,baseline
g0-baseline,data-science,graphify,search,True,40,0.5440998456059355,0.5395833333333333,0.625,0.475,329.089040999861,37.81327656299982,74673183,53.411159,94.655805,0,baseline
g0-baseline,astro,turso,lexical-sql,True,40,0.47813551023378115,0.6666666666666667,0.4916964285714286,0.475,142.15320899984363,21.191731253999933,32612315,25.566151,66.875858,0,baseline
g0-baseline,enterprise,ensemble,fast,False,40,0.5232169354564508,0.5899801587301587,0.5906944444444444,0.475,1613.605509000081,268.41955222900015,19997413,399.110179,442.073791,0,baseline
g0-baseline,enterprise,ensemble,quality,True,40,0.5534950398893288,0.5899801587301587,0.6035714285714285,0.475,1736.9530349997149,268.41955222900015,19997413,399.110179,442.073791,0,baseline
g0-baseline,enterprise,ensemble,robust,False,40,0.5033603261131847,0.5899801587301587,0.5747222222222221,0.475,2068.9257290005116,268.41955222900015,19997413,399.110179,442.073791,0,baseline
g0-baseline,data-science,ensemble,fast,False,40,0.9443798652334638,0.9916666666666666,0.9675,0.975,10589.13820700036,1331.9044788830006,917220099,2349.188455,2395.204841,0,baseline
g0-baseline,data-science,ensemble,quality,True,40,0.9278098590730673,0.9916666666666666,0.9410714285714287,0.975,11908.40524899977,1331.9044788830006,917220099,2349.188455,2395.204841,0,baseline
g0-baseline,data-science,ensemble,robust,False,40,0.9178174181007902,0.9916666666666666,0.9322916666666666,0.975,2611.2085049999223,1331.9044788830006,917220099,2349.188455,2395.204841,0,baseline
g0-baseline,astro,classical,association,False,40,0.833714038207259,0.8875,0.9145833333333334,0.725,83.13050699962332,50.11306630600029,34361114,65.756999,107.043979,0,baseline
g0-baseline,astro,classical,bm25,False,40,0.8312722975904278,0.8875,0.9208333333333334,0.725,66.45710599968879,50.11306630600029,34361114,65.756999,107.043979,0,baseline
g0-baseline,astro,classical,fusion,True,40,0.8333545047679802,0.8875,0.9145833333333334,0.725,86.17675300047267,50.11306630600029,34361114,65.756999,107.043979,0,baseline
g0-baseline,astro,classical,topic,False,40,0.8321779745083969,0.8875,0.9145833333333334,0.725,84.26844099994923,50.11306630600029,34361114,65.756999,107.043979,0,baseline
g0-baseline,architecture,adaptive,adaptive,True,40,0.8560699230171966,0.9520833333333334,0.905,0.875,2008.027559999391,145.3557971350001,152558593,219.629255,263.205016,0,baseline
g0-neural-record,astro,graphify,search,True,40,0.5779156769160976,0.7729166666666667,0.5792261904761904,0.6,145.62613599991892,38.569750693999595,17785739,44.176349,89.175947,0,neural-record
g0-neural-record,enterprise,legacy,lexical,True,40,0.5749695375722894,0.6192460317460318,0.5986111111111111,0.525,3.3166969997182605,39.066953216999536,4933955,40.036692,81.590546,0,neural-record
g0-neural-record,architecture,graphify,search,True,40,0.5775650846510725,0.5958333333333333,0.6875,0.425,98.64107800058264,16.015116436000426,32608496,20.920558,65.047622,0,neural-record
g0-neural-record,data-science,turso,lexical-sql,True,40,0.4016212910774567,0.74375,0.3178769841269841,0.65,497.95865600026445,20.630330609999874,158821350,38.097152,80.677328,0,neural-record
g0-neural-record,enterprise,turso,lexical-sql,True,40,0.40319114502840775,0.49871031746031746,0.40854166666666664,0.4,40.53986199960491,40.39364229600051,23927107,42.341892,84.88932,0,neural-record
g0-neural-record,architecture,classical,association,False,40,0.9255793625876316,0.9729166666666667,0.975,0.925,1052.3814919997676,147.59185595200051,172206005,300.781484,346.861618,0,neural-record
g0-neural-record,architecture,classical,bm25,False,40,0.8417873692522331,0.8375,0.95,0.65,888.8328769999134,147.59185595200051,172206005,300.781484,346.861618,0,neural-record
g0-neural-record,architecture,classical,fusion,True,40,0.9257807641624444,0.9729166666666667,0.975,0.925,1034.7136170003068,147.59185595200051,172206005,300.781484,346.861618,0,neural-record
g0-neural-record,architecture,classical,topic,False,40,0.9255793625876316,0.9729166666666667,0.975,0.925,916.159680000419,147.59185595200051,172206005,300.781484,346.861618,0,neural-record
g0-neural-record,enterprise,entity-graph,entity,False,40,0.4525282790837736,0.5657738095238095,0.46673611111111113,0.45,54.25004999960947,65.69782159500028,13856388,74.05011,118.233475,0,neural-record
g0-neural-record,enterprise,entity-graph,fusion,True,40,0.4673466879301481,0.5803571428571429,0.47333333333333333,0.5,56.53337700005068,65.69782159500028,13856388,74.05011,118.233475,0,neural-record
g0-neural-record,enterprise,entity-graph,lexical,False,40,0.5940418860485238,0.6373015873015873,0.6077777777777778,0.55,69.78923099995882,65.69782159500028,13856388,74.05011,118.233475,0,neural-record
g0-neural-record,enterprise,entity-graph,traversal,False,40,0.43274149507640913,0.5032738095238095,0.4604166666666667,0.375,58.5399370002051,65.69782159500028,13856388,74.05011,118.233475,0,neural-record
g0-neural-record,architecture,ensemble,fast,False,40,0.860373125427927,0.9520833333333334,0.89375,0.875,4696.708825000314,701.4965453640007,458364154,1153.156824,1198.105613,0,neural-record
g0-neural-record,architecture,ensemble,quality,True,40,0.8403672877146825,0.9520833333333334,0.8675,0.875,5578.468756999428,701.4965453640007,458364154,1153.156824,1198.105613,0,neural-record
g0-neural-record,architecture,ensemble,robust,False,40,0.8560699230171966,0.9520833333333334,0.905,0.875,1869.5016749989009,701.4965453640007,458364154,1153.156824,1198.105613,0,neural-record
g0-neural-record,data-science,embeddings,hybrid,True,40,0.8789004393851517,0.975,0.8834325396825398,0.95,1092.1958039998572,66.15165623200028,79076741,151.275185,196.970354,0,neural-record
g0-neural-record,data-science,embeddings,lexical,False,40,0.6323564091118224,0.8333333333333334,0.5818749999999999,0.75,969.2869210002755,66.15165623200028,79076741,151.275185,196.970354,0,neural-record
g0-neural-record,data-science,embeddings,vector,False,40,0.8791962894255173,0.975,0.87375,0.925,148.86343299986038,66.15165623200028,79076741,151.275185,196.970354,0,neural-record
g0-neural-record,data-science,classical,association,False,40,0.8053872497363544,0.7854166666666667,0.9125,0.7,949.5330070003547,265.13485679600035,266251750,441.705676,484.53542,0,neural-record
g0-neural-record,data-science,classical,bm25,False,40,0.9308126691707017,0.9833333333333334,0.940625,0.95,910.9125150007458,265.13485679600035,266251750,441.705676,484.53542,0,neural-record
g0-neural-record,data-science,classical,fusion,True,40,0.8053872497363544,0.7854166666666667,0.9125,0.7,961.7975019991718,265.13485679600035,266251750,441.705676,484.53542,0,neural-record
g0-neural-record,data-science,classical,topic,False,40,0.8053872497363544,0.7854166666666667,0.9125,0.7,942.2249789986381,265.13485679600035,266251750,441.705676,484.53542,0,neural-record
g0-neural-record,enterprise,embeddings,hybrid,True,40,0.6319043854152289,0.6838293650793651,0.64375,0.575,194.526097000562,81.85631683300016,9891587,102.062163,143.053142,0,neural-record
g0-neural-record,enterprise,embeddings,lexical,False,40,0.5906691808155105,0.6185515873015872,0.615,0.5,9.772638000868028,81.85631683300016,9891587,102.062163,143.053142,0,neural-record
g0-neural-record,enterprise,embeddings,vector,False,40,0.6070458273832384,0.6893849206349206,0.6081547619047619,0.575,188.18233199999668,81.85631683300016,9891587,102.062163,143.053142,0,neural-record
g0-neural-record,architecture,legacy,lexical,True,40,0.8154736310803241,0.95,0.80625,0.9,0.19520500063663349,5.115017979998811,25449713,6.576905,46.79803,0,neural-record
g0-neural-record,architecture,entity-graph,entity,False,40,0.8175814821278008,0.9354166666666666,0.8114880952380952,0.825,3145.987896999941,202.81157432200052,318372177,667.353324,709.425877,0,neural-record
g0-neural-record,architecture,entity-graph,fusion,True,40,0.8350413379424438,0.975,0.8133333333333332,0.925,3051.837885999703,202.81157432200052,318372177,667.353324,709.425877,0,neural-record
g0-neural-record,architecture,entity-graph,lexical,False,40,0.8898418537701088,0.9833333333333334,0.8925000000000001,0.95,2995.665092999843,202.81157432200052,318372177,667.353324,709.425877,0,neural-record
g0-neural-record,architecture,entity-graph,traversal,False,40,0.8030291944690846,0.9291666666666666,0.8091666666666667,0.85,2989.8786680005287,202.81157432200052,318372177,667.353324,709.425877,0,neural-record
g0-neural-record,astro,ensemble,fast,False,40,0.8261885669345291,0.8875,0.9145833333333334,0.725,3691.3587489998463,287.7994335459989,145852635,573.601558,616.460797,0,neural-record
g0-neural-record,astro,ensemble,quality,True,40,0.8245515371800917,0.8875,0.90625,0.725,4210.704014998555,287.7994335459989,145852635,573.601558,616.460797,0,neural-record
g0-neural-record,astro,ensemble,robust,False,40,0.8333545047679802,0.8875,0.9145833333333334,0.725,2759.032872001626,287.7994335459989,145852635,573.601558,616.460797,0,neural-record
g0-neural-record,architecture,embeddings,hybrid,True,40,0.7708433851860573,0.9354166666666666,0.7881944444444444,0.8,597.3088339997048,29.78729756100074,38304143,94.076497,137.512328,0,neural-record
g0-neural-record,architecture,embeddings,lexical,False,40,0.7213464747415359,0.9291666666666666,0.715654761904762,0.825,445.0329009996494,29.78729756100074,38304143,94.076497,137.512328,0,neural-record
g0-neural-record,architecture,embeddings,vector,False,40,0.7573070003305074,0.9125,0.7765277777777777,0.775,668.0612489999476,29.78729756100074,38304143,94.076497,137.512328,0,neural-record
g0-neural-record,architecture,turso,lexical-sql,True,40,0.5840043018567261,0.8625,0.5272023809523809,0.725,348.734229000911,11.328811225999743,76846321,23.563372,69.215913,0,neural-record
g0-neural-record,enterprise,classical,association,False,40,0.4721490812236234,0.45863095238095236,0.5625,0.375,45.63917599989509,62.88683089400001,8014930,69.126053,109.519272,0,neural-record
g0-neural-record,enterprise,classical,bm25,False,40,0.5893268014207212,0.6456349206349207,0.6059027777777778,0.55,41.71918100109906,62.88683089400001,8014930,69.126053,109.519272,0,neural-record
g0-neural-record,enterprise,classical,fusion,True,40,0.43423767296046306,0.4246031746031746,0.5625,0.325,45.92294900066918,62.88683089400001,8014930,69.126053,109.519272,0,neural-record
g0-neural-record,enterprise,classical,topic,False,40,0.4667744513587383,0.4622023809523809,0.55,0.375,44.69075899942254,62.88683089400001,8014930,69.126053,109.519272,0,neural-record
g0-neural-record,data-science,adaptive,adaptive,True,40,0.9178174181007902,0.9916666666666666,0.9322916666666666,0.975,2649.521856999854,245.0034423140005,266252926,354.776776,396.83109,0,neural-record
g0-neural-record,astro,legacy,lexical,True,40,0.6051893734409577,0.7541666666666667,0.6446527777777777,0.575,2.8277689998503774,16.836051185000542,8773595,17.848694,60.429166,0,neural-record
g0-neural-record,data-science,entity-graph,entity,False,40,0.8082232181770198,0.9666666666666666,0.7966666666666666,0.9,7681.212493000203,468.61629949300004,676957164,1616.711362,1658.993658,0,neural-record
g0-neural-record,data-science,entity-graph,fusion,True,40,0.8579062471314278,0.975,0.86875,0.925,7766.539889998967,468.61629949300004,676957164,1616.711362,1658.993658,0,neural-record
g0-neural-record,data-science,entity-graph,lexical,False,40,0.9030992238880928,0.9916666666666666,0.8875,0.975,7450.80258499911,468.61629949300004,676957164,1616.711362,1658.993658,0,neural-record
g0-neural-record,data-science,entity-graph,traversal,False,40,0.5120233581543807,0.7958333333333333,0.43548611111111113,0.725,7313.86345700048,468.61629949300004,676957164,1616.711362,1658.993658,0,neural-record
g0-neural-record,astro,embeddings,hybrid,True,40,0.7434446547499104,0.9104166666666667,0.73625,0.75,244.33678799869085,64.38287009399937,13779764,88.872618,131.252057,0,neural-record
g0-neural-record,astro,embeddings,lexical,False,40,0.8595317947189383,0.8875,0.9541666666666666,0.725,84.24454600026365,64.38287009399937,13779764,88.872618,131.252057,0,neural-record
g0-neural-record,astro,embeddings,vector,False,40,0.5064517991429629,0.6770833333333333,0.5192261904761905,0.475,166.950906999773,64.38287009399937,13779764,88.872618,131.252057,0,neural-record
g0-neural-record,data-science,legacy,lexical,True,40,0.8321588233274824,0.95,0.8175000000000001,0.9,0.4325049994804431,8.14746323700092,52554726,10.429049,52.307882,0,neural-record
g0-neural-record,astro,adaptive,adaptive,True,40,0.8333545047679802,0.8875,0.9145833333333334,0.725,2741.0243679987616,49.15527302299961,34362290,114.748397,156.918027,0,neural-record
g0-neural-record,enterprise,graphify,search,True,40,0.13626228624863054,0.17371031746031745,0.20423611111111112,0.1,138.01140200121154,140.9089142999983,14940327,145.009592,185.092089,0,neural-record
g0-neural-record,astro,entity-graph,entity,False,40,0.6801418974632101,0.8729166666666666,0.6886011904761904,0.725,1082.8642759988725,90.96866306099946,114816438,256.509871,296.875719,0,neural-record
g0-neural-record,astro,entity-graph,fusion,True,40,0.6947023065501792,0.8229166666666666,0.7670833333333333,0.65,1199.3760260011186,90.96866306099946,114816438,256.509871,296.875719,0,neural-record
g0-neural-record,astro,entity-graph,lexical,False,40,0.726198653452655,0.825,0.8204166666666668,0.6,1109.8369989995263,90.96866306099946,114816438,256.509871,296.875719,0,neural-record
g0-neural-record,astro,entity-graph,traversal,False,40,0.32300205166298396,0.5041666666666667,0.303125,0.35,1086.7533999989973,90.96866306099946,114816438,256.509871,296.875719,0,neural-record
g0-neural-record,enterprise,adaptive,adaptive,True,40,0.5033603261131847,0.5899801587301587,0.5747222222222221,0.475,1427.7581709993683,65.08101885399992,8016106,100.650627,142.428414,0,neural-record
g0-neural-record,data-science,graphify,search,True,40,0.5440998456059355,0.5395833333333333,0.625,0.475,328.7414139995235,37.90763480900023,74673183,53.436763,96.02925,0,neural-record
g0-neural-record,astro,turso,lexical-sql,True,40,0.47813551023378115,0.6666666666666667,0.4916964285714286,0.475,144.79608200053917,20.41794824000135,32612315,24.694919,66.285635,0,neural-record
g0-neural-record,enterprise,ensemble,fast,False,40,0.5232169354564508,0.5899801587301587,0.5906944444444444,0.475,1560.584109998672,310.59910039399983,22719373,432.224838,474.748661,0,neural-record
g0-neural-record,enterprise,ensemble,quality,True,40,0.5560667237718679,0.5899801587301587,0.6035714285714285,0.475,1784.6971420003683,310.59910039399983,22719373,432.224838,474.748661,0,neural-record
g0-neural-record,enterprise,ensemble,robust,False,40,0.5033603261131847,0.5899801587301587,0.5747222222222221,0.475,1590.844067000944,310.59910039399983,22719373,432.224838,474.748661,0,neural-record
g0-neural-record,data-science,ensemble,fast,False,40,0.9443798652334638,0.9916666666666666,0.9675,0.975,10205.320107001171,1399.0124789630008,917220248,2336.752438,2380.114805,0,neural-record
g0-neural-record,data-science,ensemble,quality,True,40,0.9286505509911679,0.9916666666666666,0.9410714285714287,0.975,13592.505638000148,1399.0124789630008,917220248,2336.752438,2380.114805,0,neural-record
g0-neural-record,data-science,ensemble,robust,False,40,0.9178174181007902,0.9916666666666666,0.9322916666666666,0.975,2499.8588079997717,1399.0124789630008,917220248,2336.752438,2380.114805,0,neural-record
g0-neural-record,astro,classical,association,False,40,0.833714038207259,0.8875,0.9145833333333334,0.725,79.10292000087793,51.38789665200056,34361114,66.877784,137.202836,0,neural-record
g0-neural-record,astro,classical,bm25,False,40,0.8312722975904278,0.8875,0.9208333333333334,0.725,62.07569700018212,51.38789665200056,34361114,66.877784,137.202836,0,neural-record
g0-neural-record,astro,classical,fusion,True,40,0.8333545047679802,0.8875,0.9145833333333334,0.725,89.67047199985245,51.38789665200056,34361114,66.877784,137.202836,0,neural-record
g0-neural-record,astro,classical,topic,False,40,0.8321779745083969,0.8875,0.9145833333333334,0.725,84.83004099980462,51.38789665200056,34361114,66.877784,137.202836,0,neural-record
g0-neural-record,architecture,adaptive,adaptive,True,40,0.8560699230171966,0.9520833333333334,0.905,0.875,2094.722988000285,151.28346645199963,152558593,234.814592,292.541889,0,neural-record
g0-quarter-expansion,astro,graphify,search,True,40,0.5779156769160976,0.7729166666666667,0.5792261904761904,0.6,151.1958049995883,39.17230209399895,17785739,45.396834,90.950982,0,quarter-expansion
g0-quarter-expansion,enterprise,legacy,lexical,True,40,0.5749695375722894,0.6192460317460318,0.5986111111111111,0.525,4.708880000180216,39.67527189900102,4933955,40.652368,83.168189,0,quarter-expansion
g0-quarter-expansion,architecture,graphify,search,True,40,0.5775650846510725,0.5958333333333333,0.6875,0.425,102.75205799916876,16.838379577000524,32608496,21.95726,69.339697,0,quarter-expansion
g0-quarter-expansion,data-science,turso,lexical-sql,True,40,0.4016212910774567,0.74375,0.3178769841269841,0.65,484.3577989995538,24.310606205001022,158821350,42.435938,87.503053,0,quarter-expansion
g0-quarter-expansion,enterprise,turso,lexical-sql,True,40,0.40319114502840775,0.49871031746031746,0.40854166666666664,0.4,40.653572001247085,41.1415590609995,23927107,43.100855,87.766668,0,quarter-expansion
g0-quarter-expansion,architecture,classical,association,False,40,0.9172305397819717,0.9729166666666667,0.95,0.925,926.7276979990129,151.6092392390001,172206008,305.084792,350.536636,0,quarter-expansion
g0-quarter-expansion,architecture,classical,bm25,False,40,0.8417873692522331,0.8375,0.95,0.65,992.9444980007247,151.6092392390001,172206008,305.084792,350.536636,0,quarter-expansion
g0-quarter-expansion,architecture,classical,fusion,True,40,0.9172305397819717,0.9729166666666667,0.95,0.925,959.8505680005474,151.6092392390001,172206008,305.084792,350.536636,0,quarter-expansion
g0-quarter-expansion,architecture,classical,topic,False,40,0.9172305397819717,0.9729166666666667,0.95,0.925,833.4182880007575,151.6092392390001,172206008,305.084792,350.536636,0,quarter-expansion
g0-quarter-expansion,enterprise,entity-graph,entity,False,40,0.4525282790837736,0.5657738095238095,0.46673611111111113,0.45,65.68568700095057,68.07395143599933,13856388,77.751643,125.071529,0,quarter-expansion
g0-quarter-expansion,enterprise,entity-graph,fusion,True,40,0.4673466879301481,0.5803571428571429,0.47333333333333333,0.5,80.93073099917092,68.07395143599933,13856388,77.751643,125.071529,0,quarter-expansion
g0-quarter-expansion,enterprise,entity-graph,lexical,False,40,0.5940418860485238,0.6373015873015873,0.6077777777777778,0.55,76.69896900006279,68.07395143599933,13856388,77.751643,125.071529,0,quarter-expansion
g0-quarter-expansion,enterprise,entity-graph,traversal,False,40,0.43274149507640913,0.5032738095238095,0.4604166666666667,0.375,69.19672100048047,68.07395143599933,13856388,77.751643,125.071529,0,quarter-expansion
g0-quarter-expansion,architecture,ensemble,fast,False,40,0.8608022690572019,0.9520833333333334,0.90625,0.875,4737.181791000694,693.5590608040002,458363805,1153.730821,1197.095929,0,quarter-expansion
g0-quarter-expansion,architecture,ensemble,quality,True,40,0.8495246082105335,0.9520833333333334,0.8794047619047619,0.875,11204.952886999308,693.5590608040002,458363805,1153.730821,1197.095929,0,quarter-expansion
g0-quarter-expansion,architecture,ensemble,robust,False,40,0.8518232889631128,0.9520833333333334,0.891904761904762,0.875,1716.4584980000654,693.5590608040002,458363805,1153.730821,1197.095929,0,quarter-expansion
g0-quarter-expansion,data-science,embeddings,hybrid,True,40,0.60043749109768,0.8895833333333334,0.5200297619047619,0.8,1167.3525999995036,27.02303389699955,79076656,103.443664,149.260485,0,quarter-expansion
g0-quarter-expansion,data-science,embeddings,lexical,False,40,0.6323564091118224,0.8333333333333334,0.5818749999999999,0.75,878.4816249990399,27.02303389699955,79076656,103.443664,149.260485,0,quarter-expansion
g0-quarter-expansion,data-science,embeddings,vector,False,40,0.3938300811301899,0.7041666666666667,0.29134920634920636,0.675,2.297908000400639,27.02303389699955,79076656,103.443664,149.260485,0,quarter-expansion
g0-quarter-expansion,data-science,classical,association,False,40,0.8053872497363544,0.7854166666666667,0.9125,0.7,876.5639329994883,288.62784847700095,266251753,467.001476,511.448744,0,quarter-expansion
g0-quarter-expansion,data-science,classical,bm25,False,40,0.9308126691707017,0.9833333333333334,0.940625,0.95,933.9614729997265,288.62784847700095,266251753,467.001476,511.448744,0,quarter-expansion
g0-quarter-expansion,data-science,classical,fusion,True,40,0.8053872497363544,0.7854166666666667,0.9125,0.7,974.4878609999432,288.62784847700095,266251753,467.001476,511.448744,0,quarter-expansion
g0-quarter-expansion,data-science,classical,topic,False,40,0.8053872497363544,0.7854166666666667,0.9125,0.7,894.8320090003108,288.62784847700095,266251753,467.001476,511.448744,0,quarter-expansion
g0-quarter-expansion,enterprise,embeddings,hybrid,True,40,0.516406878690786,0.5991071428571428,0.541875,0.5,47.6462079986959,68.20171618299901,7169691,72.902178,123.418083,0,quarter-expansion
g0-quarter-expansion,enterprise,embeddings,lexical,False,40,0.5906691808155105,0.6185515873015872,0.615,0.5,10.697529000026407,68.20171618299901,7169691,72.902178,123.418083,0,quarter-expansion
g0-quarter-expansion,enterprise,embeddings,vector,False,40,0.32558215828649456,0.36924603174603177,0.3771825396825397,0.25,36.13255200070853,68.20171618299901,7169691,72.902178,123.418083,0,quarter-expansion
g0-quarter-expansion,architecture,legacy,lexical,True,40,0.8154736310803241,0.95,0.80625,0.9,0.19102800069958903,5.263087252998957,25449713,6.763346,48.277843,0,quarter-expansion
g0-quarter-expansion,architecture,entity-graph,entity,False,40,0.8175814821278008,0.9354166666666666,0.8114880952380952,0.825,3360.437400000592,224.78283313199972,318372177,743.022761,791.584006,0,quarter-expansion
g0-quarter-expansion,architecture,entity-graph,fusion,True,40,0.8350413379424438,0.975,0.8133333333333332,0.925,5589.319685999726,224.78283313199972,318372177,743.022761,791.584006,0,quarter-expansion
g0-quarter-expansion,architecture,entity-graph,lexical,False,40,0.8898418537701088,0.9833333333333334,0.8925000000000001,0.95,5744.782108999061,224.78283313199972,318372177,743.022761,791.584006,0,quarter-expansion
g0-quarter-expansion,architecture,entity-graph,traversal,False,40,0.8030291944690846,0.9291666666666666,0.8091666666666667,0.85,3178.7767650002934,224.78283313199972,318372177,743.022761,791.584006,0,quarter-expansion
g0-quarter-expansion,astro,ensemble,fast,False,40,0.8089612475383469,0.8875,0.8854166666666666,0.725,3865.8150820010633,282.9135784730006,145084337,633.517006,681.355673,0,quarter-expansion
g0-quarter-expansion,astro,ensemble,quality,True,40,0.8128033717563061,0.8875,0.8875,0.725,5624.865982999836,282.9135784730006,145084337,633.517006,681.355673,0,quarter-expansion
g0-quarter-expansion,astro,ensemble,robust,False,40,0.8326584600131275,0.8875,0.9208333333333334,0.725,4399.25083900016,282.9135784730006,145084337,633.517006,681.355673,0,quarter-expansion
g0-quarter-expansion,architecture,embeddings,hybrid,True,40,0.7237714735653961,0.9208333333333334,0.7154464285714286,0.8,685.2128750015254,18.22700621199874,38303852,65.306053,118.070884,0,quarter-expansion
g0-quarter-expansion,architecture,embeddings,lexical,False,40,0.7213464747415359,0.9291666666666666,0.715654761904762,0.825,623.78138099848,18.22700621199874,38303852,65.306053,118.070884,0,quarter-expansion
g0-quarter-expansion,architecture,embeddings,vector,False,40,0.6555841935573563,0.84375,0.6598809523809523,0.65,1.8733130000327947,18.22700621199874,38303852,65.306053,118.070884,0,quarter-expansion
g0-quarter-expansion,architecture,turso,lexical-sql,True,40,0.5840043018567261,0.8625,0.5272023809523809,0.725,416.32649900020624,14.985673510998822,76846321,28.268632,74.25603,0,quarter-expansion
g0-quarter-expansion,enterprise,classical,association,False,40,0.4772435834225347,0.45863095238095236,0.575,0.375,43.58373799914261,61.25194185500004,8014933,67.223556,110.903527,0,quarter-expansion
g0-quarter-expansion,enterprise,classical,bm25,False,40,0.5893268014207212,0.6456349206349207,0.6059027777777778,0.55,40.472216001944616,61.25194185500004,8014933,67.223556,110.903527,0,quarter-expansion
g0-quarter-expansion,enterprise,classical,fusion,True,40,0.4434644291211766,0.4246031746031746,0.575,0.325,41.794447999564,61.25194185500004,8014933,67.223556,110.903527,0,quarter-expansion
g0-quarter-expansion,enterprise,classical,topic,False,40,0.48110404197809953,0.4622023809523809,0.575,0.375,43.01411999767879,61.25194185500004,8014933,67.223556,110.903527,0,quarter-expansion
g0-quarter-expansion,data-science,adaptive,adaptive,True,40,0.9141270327970533,0.9833333333333334,0.9322916666666666,0.95,6150.569452998752,297.389852065,266252929,431.726759,475.160202,0,quarter-expansion
g0-quarter-expansion,astro,legacy,lexical,True,40,0.6051893734409577,0.7541666666666667,0.6446527777777777,0.575,2.760975999990478,21.406003740001324,8773595,22.581746,68.931843,0,quarter-expansion
g0-quarter-expansion,data-science,entity-graph,entity,False,40,0.8082232181770198,0.9666666666666666,0.7966666666666666,0.9,7879.055119999975,557.877441339002,676957164,1680.274486,1739.569999,0,quarter-expansion
g0-quarter-expansion,data-science,entity-graph,fusion,True,40,0.8579062471314278,0.975,0.86875,0.925,7060.490713000036,557.877441339002,676957164,1680.274486,1739.569999,0,quarter-expansion
g0-quarter-expansion,data-science,entity-graph,lexical,False,40,0.9030992238880928,0.9916666666666666,0.8875,0.975,8496.250793999934,557.877441339002,676957164,1680.274486,1739.569999,0,quarter-expansion
g0-quarter-expansion,data-science,entity-graph,traversal,False,40,0.5120233581543807,0.7958333333333333,0.43548611111111113,0.725,7293.329719999747,557.877441339002,676957164,1680.274486,1739.569999,0,quarter-expansion
g0-quarter-expansion,astro,embeddings,hybrid,True,40,0.7851983317054789,0.8583333333333334,0.8554166666666667,0.7,109.10674899787409,27.279641163000633,13011524,36.468598,83.869396,0,quarter-expansion
g0-quarter-expansion,astro,embeddings,lexical,False,40,0.8595317947189383,0.8875,0.9541666666666666,0.725,83.82122200055164,27.279641163000633,13011524,36.468598,83.869396,0,quarter-expansion
g0-quarter-expansion,astro,embeddings,vector,False,40,0.5334457484471828,0.6875,0.551875,0.55,19.17948099799105,27.279641163000633,13011524,36.468598,83.869396,0,quarter-expansion
g0-quarter-expansion,data-science,legacy,lexical,True,40,0.8321588233274824,0.95,0.8175000000000001,0.9,0.3726959985215217,10.703111701001035,52554726,13.084074,67.742179,0,quarter-expansion
g0-quarter-expansion,astro,adaptive,adaptive,True,40,0.8326584600131275,0.8875,0.9208333333333334,0.725,2647.6770769986615,51.033690647000185,34362293,116.833461,162.686085,0,quarter-expansion
g0-quarter-expansion,enterprise,graphify,search,True,40,0.13626228624863054,0.17371031746031745,0.20423611111111112,0.1,142.96992500021588,160.85445223600254,14940327,165.361669,210.333819,0,quarter-expansion
g0-quarter-expansion,astro,entity-graph,entity,False,40,0.6801418974632101,0.8729166666666666,0.6886011904761904,0.725,1101.8843230012862,97.16377033499884,114816438,264.49291,308.034115,0,quarter-expansion
g0-quarter-expansion,astro,entity-graph,fusion,True,40,0.6947023065501792,0.8229166666666666,0.7670833333333333,0.65,1171.0862170002656,97.16377033499884,114816438,264.49291,308.034115,0,quarter-expansion
g0-quarter-expansion,astro,entity-graph,lexical,False,40,0.726198653452655,0.825,0.8204166666666668,0.6,1072.4584339986905,97.16377033499884,114816438,264.49291,308.034115,0,quarter-expansion
g0-quarter-expansion,astro,entity-graph,traversal,False,40,0.32300205166298396,0.5041666666666667,0.303125,0.35,1138.7874479987659,97.16377033499884,114816438,264.49291,308.034115,0,quarter-expansion
g0-quarter-expansion,enterprise,adaptive,adaptive,True,40,0.5056922738907149,0.5649801587301587,0.585515873015873,0.45,1328.0168710007274,61.25402910400226,8016109,94.77108,135.273107,0,quarter-expansion
g0-quarter-expansion,data-science,graphify,search,True,40,0.5440998456059355,0.5395833333333333,0.625,0.475,365.32005799745093,38.6237323259993,74673183,54.473163,96.998985,0,quarter-expansion
g0-quarter-expansion,astro,turso,lexical-sql,True,40,0.47813551023378115,0.6666666666666667,0.4916964285714286,0.475,142.8513139981078,20.391970025000774,32612315,24.709958,69.511326,0,quarter-expansion
g0-quarter-expansion,enterprise,ensemble,fast,False,40,0.515119339220484,0.5649801587301587,0.5873214285714285,0.45,1533.0706340027973,262.7751403880029,19997419,372.248254,419.908748,0,quarter-expansion
g0-quarter-expansion,enterprise,ensemble,quality,True,40,0.5401874564475949,0.5649801587301587,0.5944444444444444,0.45,1490.6879859991022,262.7751403880029,19997419,372.248254,419.908748,0,quarter-expansion
g0-quarter-expansion,enterprise,ensemble,robust,False,40,0.5056922738907149,0.5649801587301587,0.585515873015873,0.45,1544.9629530012317,262.7751403880029,19997419,372.248254,419.908748,0,quarter-expansion
g0-quarter-expansion,data-science,ensemble,fast,False,40,0.9307253012666685,0.9833333333333334,0.9550000000000001,0.95,9021.129791999556,1433.304368115998,917220105,2265.22868,2307.549893,0,quarter-expansion
g0-quarter-expansion,data-science,ensemble,quality,True,40,0.9242781847515715,0.9833333333333334,0.9410714285714287,0.95,10205.019279001135,1433.304368115998,917220105,2265.22868,2307.549893,0,quarter-expansion
g0-quarter-expansion,data-science,ensemble,robust,False,40,0.9141270327970533,0.9833333333333334,0.9322916666666666,0.95,2270.1284979993943,1433.304368115998,917220105,2265.22868,2307.549893,0,quarter-expansion
g0-quarter-expansion,astro,classical,association,False,40,0.8326584600131275,0.8875,0.9208333333333334,0.725,80.15504200011492,50.59273445300278,34361117,67.363956,111.750385,0,quarter-expansion
g0-quarter-expansion,astro,classical,bm25,False,40,0.8312722975904278,0.8875,0.9208333333333334,0.725,81.0155590006616,50.59273445300278,34361117,67.363956,111.750385,0,quarter-expansion
g0-quarter-expansion,astro,classical,fusion,True,40,0.8326584600131275,0.8875,0.9208333333333334,0.725,82.32972100086045,50.59273445300278,34361117,67.363956,111.750385,0,quarter-expansion
g0-quarter-expansion,astro,classical,topic,False,40,0.8329268153370929,0.8875,0.9208333333333334,0.725,98.5303199995542,50.59273445300278,34361117,67.363956,111.750385,0,quarter-expansion
g0-quarter-expansion,architecture,adaptive,adaptive,True,40,0.8518232889631128,0.9520833333333334,0.891904761904762,0.875,1684.8847469991597,148.66984451200187,152558596,212.141316,257.398255,0,quarter-expansion
g0-bm25-low-b,astro,graphify,search,True,40,0.5779156769160976,0.7729166666666667,0.5792261904761904,0.6,139.87230799830286,35.27490778900028,17785739,40.568275,83.118811,0,bm25-low-b
g0-bm25-low-b,enterprise,legacy,lexical,True,40,0.5749695375722894,0.6192460317460318,0.5986111111111111,0.525,3.2289650007442106,35.183502943997155,4933955,36.046585,75.853051,0,bm25-low-b
g0-bm25-low-b,architecture,graphify,search,True,40,0.5775650846510725,0.5958333333333333,0.6875,0.425,96.0545079979056,15.563547839999956,32608496,20.386716,63.541544,0,bm25-low-b
g0-bm25-low-b,data-science,turso,lexical-sql,True,40,0.4016212910774567,0.74375,0.3178769841269841,0.65,460.87396800066927,20.43107944499934,158821350,37.539778,80.876614,0,bm25-low-b
g0-bm25-low-b,enterprise,turso,lexical-sql,True,40,0.40319114502840775,0.49871031746031746,0.40854166666666664,0.4,40.62381199764786,39.44298590499966,23927107,41.405409,82.752426,0,bm25-low-b
g0-bm25-low-b,architecture,classical,association,False,40,0.8993183581083086,0.9645833333333333,0.9333333333333333,0.9,689.4033369972021,134.66635060399858,172206005,256.268926,298.211179,0,bm25-low-b
g0-bm25-low-b,architecture,classical,bm25,False,40,0.801131654429249,0.8020833333333334,0.9145833333333334,0.575,696.87506199989,134.66635060399858,172206005,256.268926,298.211179,0,bm25-low-b
g0-bm25-low-b,architecture,classical,fusion,True,40,0.8982687155213783,0.9645833333333333,0.9291666666666666,0.9,676.4246099992306,134.66635060399858,172206005,256.268926,298.211179,0,bm25-low-b
g0-bm25-low-b,architecture,classical,topic,False,40,0.8990500027843431,0.9645833333333333,0.9333333333333333,0.9,703.4638299992366,134.66635060399858,172206005,256.268926,298.211179,0,bm25-low-b
g0-bm25-low-b,enterprise,entity-graph,entity,False,40,0.4525282790837736,0.5657738095238095,0.46673611111111113,0.45,49.59872799736331,60.698194730997784,13856388,67.804784,107.876717,0,bm25-low-b
g0-bm25-low-b,enterprise,entity-graph,fusion,True,40,0.47275963568195856,0.5831349206349207,0.47506944444444443,0.5,48.0675050021091,60.698194730997784,13856388,67.804784,107.876717,0,bm25-low-b
g0-bm25-low-b,enterprise,entity-graph,lexical,False,40,0.5832760502661439,0.6373015873015873,0.590625,0.55,50.5249609996099,60.698194730997784,13856388,67.804784,107.876717,0,bm25-low-b
g0-bm25-low-b,enterprise,entity-graph,traversal,False,40,0.43274149507640913,0.5032738095238095,0.4604166666666667,0.375,50.23767199963913,60.698194730997784,13856388,67.804784,107.876717,0,bm25-low-b
g0-bm25-low-b,architecture,ensemble,fast,False,40,0.8675705198381509,0.9604166666666666,0.9091666666666667,0.9,4295.77877599877,584.6651695800028,458363799,1015.200491,1059.375237,0,bm25-low-b
g0-bm25-low-b,architecture,ensemble,quality,True,40,0.8519681577190859,0.9604166666666666,0.8800000000000001,0.9,5732.614002998162,584.6651695800028,458363799,1015.200491,1059.375237,0,bm25-low-b
g0-bm25-low-b,architecture,ensemble,robust,False,40,0.8579850860692957,0.9604166666666666,0.905,0.9,1903.6153079978249,584.6651695800028,458363799,1015.200491,1059.375237,0,bm25-low-b
g0-bm25-low-b,data-science,embeddings,hybrid,True,40,0.60043749109768,0.8895833333333334,0.5200297619047619,0.8,808.8331580001977,20.933874258000287,79076656,84.065574,125.417212,0,bm25-low-b
g0-bm25-low-b,data-science,embeddings,lexical,False,40,0.6323564091118224,0.8333333333333334,0.5818749999999999,0.75,778.3501960002468,20.933874258000287,79076656,84.065574,125.417212,0,bm25-low-b
g0-bm25-low-b,data-science,embeddings,vector,False,40,0.3938300811301899,0.7041666666666667,0.29134920634920636,0.675,1.990036998904543,20.933874258000287,79076656,84.065574,125.417212,0,bm25-low-b
g0-bm25-low-b,data-science,classical,association,False,40,0.8053872497363544,0.7854166666666667,0.9125,0.7,855.9179490002862,241.31077206999908,266251750,404.214027,446.411039,0,bm25-low-b
g0-bm25-low-b,data-science,classical,bm25,False,40,0.9332908981748316,0.9833333333333334,0.9402777777777779,0.95,895.8026279979094,241.31077206999908,266251750,404.214027,446.411039,0,bm25-low-b
g0-bm25-low-b,data-science,classical,fusion,True,40,0.8053872497363544,0.7854166666666667,0.9125,0.7,997.3382749994926,241.31077206999908,266251750,404.214027,446.411039,0,bm25-low-b
g0-bm25-low-b,data-science,classical,topic,False,40,0.8053872497363544,0.7854166666666667,0.9125,0.7,834.5249679987319,241.31077206999908,266251750,404.214027,446.411039,0,bm25-low-b
g0-bm25-low-b,enterprise,embeddings,hybrid,True,40,0.516406878690786,0.5991071428571428,0.541875,0.5,48.407790000055684,64.36799687200255,7169691,69.031416,110.843866,0,bm25-low-b
g0-bm25-low-b,enterprise,embeddings,lexical,False,40,0.5906691808155105,0.6185515873015872,0.615,0.5,10.0840330014762,64.36799687200255,7169691,69.031416,110.843866,0,bm25-low-b
g0-bm25-low-b,enterprise,embeddings,vector,False,40,0.32558215828649456,0.36924603174603177,0.3771825396825397,0.25,35.73117199994158,64.36799687200255,7169691,69.031416,110.843866,0,bm25-low-b
g0-bm25-low-b,architecture,legacy,lexical,True,40,0.8154736310803241,0.95,0.80625,0.9,0.39299700074479915,5.370358152002154,25449713,6.890945,49.452661,0,bm25-low-b
g0-bm25-low-b,architecture,entity-graph,entity,False,40,0.8175814821278008,0.9354166666666666,0.8114880952380952,0.825,3782.933779999439,226.15939968300154,318372177,748.118983,790.434411,0,bm25-low-b
g0-bm25-low-b,architecture,entity-graph,fusion,True,40,0.8342284796895436,0.975,0.8125,0.925,3553.1784090017027,226.15939968300154,318372177,748.118983,790.434411,0,bm25-low-b
g0-bm25-low-b,architecture,entity-graph,lexical,False,40,0.8793103338381147,0.9770833333333334,0.885,0.95,3706.8682730023284,226.15939968300154,318372177,748.118983,790.434411,0,bm25-low-b
g0-bm25-low-b,architecture,entity-graph,traversal,False,40,0.8030291944690846,0.9291666666666666,0.8091666666666667,0.85,3296.4000579995627,226.15939968300154,318372177,748.118983,790.434411,0,bm25-low-b
g0-bm25-low-b,astro,ensemble,fast,False,40,0.7793218639293157,0.8708333333333333,0.8548611111111111,0.725,4340.731111999048,283.54304685600073,145084331,607.870777,651.623969,0,bm25-low-b
g0-bm25-low-b,astro,ensemble,quality,True,40,0.795670081657849,0.8708333333333333,0.8802083333333334,0.725,4726.363069003128,283.54304685600073,145084331,607.870777,651.623969,0,bm25-low-b
g0-bm25-low-b,astro,ensemble,robust,False,40,0.777380336447773,0.8708333333333333,0.8390277777777777,0.725,3048.7011309996888,283.54304685600073,145084331,607.870777,651.623969,0,bm25-low-b
g0-bm25-low-b,architecture,embeddings,hybrid,True,40,0.7237714735653961,0.9208333333333334,0.7154464285714286,0.8,498.3321409999917,12.80115974400178,38303852,48.016763,91.77775,0,bm25-low-b
g0-bm25-low-b,architecture,embeddings,lexical,False,40,0.7213464747415359,0.9291666666666666,0.715654761904762,0.825,427.85113499849103,12.80115974400178,38303852,48.016763,91.77775,0,bm25-low-b
g0-bm25-low-b,architecture,embeddings,vector,False,40,0.6555841935573563,0.84375,0.6598809523809523,0.65,1.6382659996452276,12.80115974400178,38303852,48.016763,91.77775,0,bm25-low-b
g0-bm25-low-b,architecture,turso,lexical-sql,True,40,0.5840043018567261,0.8625,0.5272023809523809,0.725,354.12132300189114,11.845975771000667,76846321,24.389805,71.049967,0,bm25-low-b
g0-bm25-low-b,enterprise,classical,association,False,40,0.4728699201415655,0.45863095238095236,0.5625,0.375,47.68845899889129,84.2495869609993,8014930,90.997213,134.588386,0,bm25-low-b
g0-bm25-low-b,enterprise,classical,bm25,False,40,0.5894915401009949,0.6498015873015872,0.6066964285714286,0.55,45.97189800188062,84.2495869609993,8014930,90.997213,134.588386,0,bm25-low-b
g0-bm25-low-b,enterprise,classical,fusion,True,40,0.442499636298842,0.4398809523809524,0.5625,0.35,47.7691779997258,84.2495869609993,8014930,90.997213,134.588386,0,bm25-low-b
g0-bm25-low-b,enterprise,classical,topic,False,40,0.4780081877907472,0.4622023809523809,0.5625,0.375,49.022938997950405,84.2495869609993,8014930,90.997213,134.588386,0,bm25-low-b
g0-bm25-low-b,data-science,adaptive,adaptive,True,40,0.9196591552903186,0.9916666666666666,0.9319444444444445,0.975,3440.588661997026,331.02505477700106,266252926,471.229411,530.553767,0,bm25-low-b
g0-bm25-low-b,astro,legacy,lexical,True,40,0.6051893734409577,0.7541666666666667,0.6446527777777777,0.575,3.2658409982104786,19.804020281000703,8773595,20.936007,65.254605,0,bm25-low-b
g0-bm25-low-b,data-science,entity-graph,entity,False,40,0.8082232181770198,0.9666666666666666,0.7966666666666666,0.9,10356.837990002532,656.9667870430021,676957164,2029.85221,2073.8597,0,bm25-low-b
g0-bm25-low-b,data-science,entity-graph,fusion,True,40,0.8074350170222658,0.975,0.7835714285714286,0.925,8622.566651996749,656.9667870430021,676957164,2029.85221,2073.8597,0,bm25-low-b
g0-bm25-low-b,data-science,entity-graph,lexical,False,40,0.89218685321917,0.9833333333333334,0.8895833333333334,0.95,10429.971861001832,656.9667870430021,676957164,2029.85221,2073.8597,0,bm25-low-b
g0-bm25-low-b,data-science,entity-graph,traversal,False,40,0.5120233581543807,0.7958333333333333,0.43548611111111113,0.725,8855.731583000306,656.9667870430021,676957164,2029.85221,2073.8597,0,bm25-low-b
g0-bm25-low-b,astro,embeddings,hybrid,True,40,0.7851983317054789,0.8583333333333334,0.8554166666666667,0.7,154.16089599966654,34.94963093399929,13011524,47.134821,92.423572,0,bm25-low-b
g0-bm25-low-b,astro,embeddings,lexical,False,40,0.8595317947189383,0.8875,0.9541666666666666,0.725,124.60191999707604,34.94963093399929,13011524,47.134821,92.423572,0,bm25-low-b
g0-bm25-low-b,astro,embeddings,vector,False,40,0.5334457484471828,0.6875,0.551875,0.55,26.023328999144724,34.94963093399929,13011524,47.134821,92.423572,0,bm25-low-b
g0-bm25-low-b,data-science,legacy,lexical,True,40,0.8321588233274824,0.95,0.8175000000000001,0.9,0.6062530010240152,11.66769461000149,52554726,14.884254,88.431358,0,bm25-low-b
g0-bm25-low-b,astro,adaptive,adaptive,True,40,0.777380336447773,0.8708333333333333,0.8390277777777777,0.725,5357.102230002056,59.27871824400063,34362290,169.451741,216.770019,0,bm25-low-b
g0-bm25-low-b,enterprise,graphify,search,True,40,0.13626228624863054,0.17371031746031745,0.20423611111111112,0.1,155.25064599933103,167.58021834100145,14940327,172.479684,219.191146,0,bm25-low-b
g0-bm25-low-b,astro,entity-graph,entity,False,40,0.6801418974632101,0.8729166666666666,0.6886011904761904,0.725,1382.0948909997242,141.7129695830008,114816438,333.105871,380.414866,0,bm25-low-b
g0-bm25-low-b,astro,entity-graph,fusion,True,40,0.6666633672811659,0.8229166666666666,0.7165277777777778,0.65,1211.6654779965756,141.7129695830008,114816438,333.105871,380.414866,0,bm25-low-b
g0-bm25-low-b,astro,entity-graph,lexical,False,40,0.7562992627748882,0.8416666666666666,0.83125,0.675,1445.3647590016772,141.7129695830008,114816438,333.105871,380.414866,0,bm25-low-b
g0-bm25-low-b,astro,entity-graph,traversal,False,40,0.32300205166298396,0.5041666666666667,0.303125,0.35,1215.9537070001534,141.7129695830008,114816438,333.105871,380.414866,0,bm25-low-b
g0-bm25-low-b,enterprise,adaptive,adaptive,True,40,0.5068734091416912,0.5906746031746032,0.5750694444444444,0.475,1650.220788000297,74.26029900899812,8016106,113.975872,159.454346,0,bm25-low-b
g0-bm25-low-b,data-science,graphify,search,True,40,0.5440998456059355,0.5395833333333333,0.625,0.475,342.61821700056316,44.786544315000356,74673183,60.774945,104.198858,0,bm25-low-b
g0-bm25-low-b,astro,turso,lexical-sql,True,40,0.47813551023378115,0.6666666666666667,0.4916964285714286,0.475,160.8065180007543,25.171321756999532,32612315,30.122005,76.058023,0,bm25-low-b
g0-bm25-low-b,enterprise,ensemble,fast,False,40,0.5167544889452367,0.5906746031746032,0.5772916666666666,0.475,1459.7516639987589,278.4189551449999,19997413,392.072793,437.466618,0,bm25-low-b
g0-bm25-low-b,enterprise,ensemble,quality,True,40,0.5388422743524227,0.5906746031746032,0.5785714285714285,0.475,1587.1124400000554,278.4189551449999,19997413,392.072793,437.466618,0,bm25-low-b
g0-bm25-low-b,enterprise,ensemble,robust,False,40,0.5068734091416912,0.5906746031746032,0.5750694444444444,0.475,1419.4066640011442,278.4189551449999,19997413,392.072793,437.466618,0,bm25-low-b
g0-bm25-low-b,data-science,ensemble,fast,False,40,0.939818332139547,0.9916666666666666,0.9550000000000001,0.975,9948.192458999984,1395.8051176120025,917220099,2342.366665,2385.378292,0,bm25-low-b
g0-bm25-low-b,data-science,ensemble,quality,True,40,0.937917173751601,0.9916666666666666,0.940625,0.975,12193.155111002852,1395.8051176120025,917220099,2342.366665,2385.378292,0,bm25-low-b
g0-bm25-low-b,data-science,ensemble,robust,False,40,0.9196591552903186,0.9916666666666666,0.9319444444444445,0.975,2591.6689159967063,1395.8051176120025,917220099,2342.366665,2385.378292,0,bm25-low-b
g0-bm25-low-b,astro,classical,association,False,40,0.7831209998952172,0.8791666666666667,0.8411111111111111,0.725,82.08267200097907,50.26417102599953,34361114,65.149323,108.455211,0,bm25-low-b
g0-bm25-low-b,astro,classical,bm25,False,40,0.7862756783794059,0.8708333333333333,0.8477083333333333,0.725,65.50856299872976,50.26417102599953,34361114,65.149323,108.455211,0,bm25-low-b
g0-bm25-low-b,astro,classical,fusion,True,40,0.777380336447773,0.8708333333333333,0.8390277777777777,0.725,79.80695600053878,50.26417102599953,34361114,65.149323,108.455211,0,bm25-low-b
g0-bm25-low-b,astro,classical,topic,False,40,0.7777582115921147,0.8708333333333333,0.8408333333333333,0.725,80.2491700014798,50.26417102599953,34361114,65.149323,108.455211,0,bm25-low-b
g0-bm25-low-b,architecture,adaptive,adaptive,True,40,0.8579850860692957,0.9604166666666666,0.905,0.9,1912.7067090012133,154.69114714900206,152558593,226.7111,268.81289,0,bm25-low-b
g0-stronger-titles,astro,graphify,search,True,40,0.5779156769160976,0.7729166666666667,0.5792261904761904,0.6,142.9071610000392,38.401137044998904,17785739,43.823606,86.947727,0,stronger-titles
g0-stronger-titles,enterprise,legacy,lexical,True,40,0.5749695375722894,0.6192460317460318,0.5986111111111111,0.525,3.423903002840234,38.36204994000218,4933955,39.184005,79.300261,0,stronger-titles
g0-stronger-titles,architecture,graphify,search,True,40,0.5775650846510725,0.5958333333333333,0.6875,0.425,98.84799000064959,16.61470680599814,32608496,21.59689,66.474005,0,stronger-titles
g0-stronger-titles,data-science,turso,lexical-sql,True,40,0.4016212910774567,0.74375,0.3178769841269841,0.65,450.2409870001429,21.38947185500001,158821350,38.963922,84.573271,0,stronger-titles
g0-stronger-titles,enterprise,turso,lexical-sql,True,40,0.40319114502840775,0.49871031746031746,0.40854166666666664,0.4,47.515500998997595,43.08987992599941,23927107,45.242458,91.185869,0,stronger-titles
g0-stronger-titles,architecture,classical,association,False,40,0.9131563116987886,0.95,0.975,0.9,792.7061829977902,195.93834900100046,172206005,338.445966,383.559631,0,stronger-titles
g0-stronger-titles,architecture,classical,bm25,False,40,0.8237233931556295,0.8083333333333333,0.9625,0.55,891.6922750031517,195.93834900100046,172206005,338.445966,383.559631,0,stronger-titles
g0-stronger-titles,architecture,classical,fusion,True,40,0.9185135776430311,0.9583333333333334,0.975,0.9,808.0148290027864,195.93834900100046,172206005,338.445966,383.559631,0,stronger-titles
g0-stronger-titles,architecture,classical,topic,False,40,0.9131563116987886,0.95,0.975,0.9,817.8569310002786,195.93834900100046,172206005,338.445966,383.559631,0,stronger-titles
g0-stronger-titles,enterprise,entity-graph,entity,False,40,0.4525282790837736,0.5657738095238095,0.46673611111111113,0.45,84.35183000256075,96.61102783599927,13856388,108.871727,155.02721,0,stronger-titles
g0-stronger-titles,enterprise,entity-graph,fusion,True,40,0.4673466879301481,0.5803571428571429,0.47333333333333333,0.5,97.22898999825702,96.61102783599927,13856388,108.871727,155.02721,0,stronger-titles
g0-stronger-titles,enterprise,entity-graph,lexical,False,40,0.5940418860485238,0.6373015873015873,0.6077777777777778,0.55,110.39756500031217,96.61102783599927,13856388,108.871727,155.02721,0,stronger-titles
g0-stronger-titles,enterprise,entity-graph,traversal,False,40,0.43274149507640913,0.5032738095238095,0.4604166666666667,0.375,86.90979200036963,96.61102783599927,13856388,108.871727,155.02721,0,stronger-titles
g0-stronger-titles,architecture,ensemble,fast,False,40,0.8666698105997626,0.9583333333333334,0.89375,0.9,4253.789062000578,651.6845120670005,458363799,1064.220456,1107.434737,0,stronger-titles
g0-stronger-titles,architecture,ensemble,quality,True,40,0.855469463906916,0.9583333333333334,0.8800000000000001,0.9,5214.034313998127,651.6845120670005,458363799,1064.220456,1107.434737,0,stronger-titles
g0-stronger-titles,architecture,ensemble,robust,False,40,0.8629002689877016,0.9583333333333334,0.905,0.9,1668.0845769988082,651.6845120670005,458363799,1064.220456,1107.434737,0,stronger-titles
g0-stronger-titles,data-science,embeddings,hybrid,True,40,0.60043749109768,0.8895833333333334,0.5200297619047619,0.8,831.2768010000582,27.38648723699953,79076656,101.737878,145.123171,0,stronger-titles
g0-stronger-titles,data-science,embeddings,lexical,False,40,0.6323564091118224,0.8333333333333334,0.5818749999999999,0.75,1565.1093359992956,27.38648723699953,79076656,101.737878,145.123171,0,stronger-titles
g0-stronger-titles,data-science,embeddings,vector,False,40,0.3938300811301899,0.7041666666666667,0.29134920634920636,0.675,2.3393589981424157,27.38648723699953,79076656,101.737878,145.123171,0,stronger-titles
g0-stronger-titles,data-science,classical,association,False,40,0.8053872497363544,0.7854166666666667,0.9125,0.7,851.9173790009518,270.7994934670023,266251750,431.27179,472.848788,0,stronger-titles
g0-stronger-titles,data-science,classical,bm25,False,40,0.9328206725229485,0.9833333333333334,0.9410714285714287,0.95,824.0322239980742,270.7994934670023,266251750,431.27179,472.848788,0,stronger-titles
g0-stronger-titles,data-science,classical,fusion,True,40,0.8053872497363544,0.7854166666666667,0.9125,0.7,890.7500979985343,270.7994934670023,266251750,431.27179,472.848788,0,stronger-titles
g0-stronger-titles,data-science,classical,topic,False,40,0.8053872497363544,0.7854166666666667,0.9125,0.7,827.7101390012831,270.7994934670023,266251750,431.27179,472.848788,0,stronger-titles
g0-stronger-titles,enterprise,embeddings,hybrid,True,40,0.516406878690786,0.5991071428571428,0.541875,0.5,47.009118999994826,62.46415932799937,7169691,66.993961,108.851754,0,stronger-titles
g0-stronger-titles,enterprise,embeddings,lexical,False,40,0.5906691808155105,0.6185515873015872,0.615,0.5,10.122268002305645,62.46415932799937,7169691,66.993961,108.851754,0,stronger-titles
g0-stronger-titles,enterprise,embeddings,vector,False,40,0.32558215828649456,0.36924603174603177,0.3771825396825397,0.25,34.564902998681646,62.46415932799937,7169691,66.993961,108.851754,0,stronger-titles
g0-stronger-titles,architecture,legacy,lexical,True,40,0.8154736310803241,0.95,0.80625,0.9,0.198732999706408,5.279779075000988,25449713,6.764671,49.365444,0,stronger-titles
g0-stronger-titles,architecture,entity-graph,entity,False,40,0.8175814821278008,0.9354166666666666,0.8114880952380952,0.825,2839.833242000168,202.9264271730026,318372177,675.084491,730.76806,0,stronger-titles
g0-stronger-titles,architecture,entity-graph,fusion,True,40,0.8350413379424438,0.975,0.8133333333333332,0.925,4710.959075000574,202.9264271730026,318372177,675.084491,730.76806,0,stronger-titles
g0-stronger-titles,architecture,entity-graph,lexical,False,40,0.8898418537701088,0.9833333333333334,0.8925000000000001,0.95,2871.5845250007987,202.9264271730026,318372177,675.084491,730.76806,0,stronger-titles
g0-stronger-titles,architecture,entity-graph,traversal,False,40,0.8030291944690846,0.9291666666666666,0.8091666666666667,0.85,3105.343219001952,202.9264271730026,318372177,675.084491,730.76806,0,stronger-titles
g0-stronger-titles,astro,ensemble,fast,False,40,0.8208586027259676,0.86875,0.9208333333333334,0.725,3805.391071997292,244.0198242080005,145084331,570.109731,617.962782,0,stronger-titles
g0-stronger-titles,astro,ensemble,quality,True,40,0.8152445126895074,0.86875,0.9125,0.725,4130.722745001549,244.0198242080005,145084331,570.109731,617.962782,0,stronger-titles
g0-stronger-titles,astro,ensemble,robust,False,40,0.8085569389955969,0.86875,0.9104166666666667,0.725,4434.619086001476,244.0198242080005,145084331,570.109731,617.962782,0,stronger-titles
g0-stronger-titles,architecture,embeddings,hybrid,True,40,0.7237714735653961,0.9208333333333334,0.7154464285714286,0.8,390.2720829973987,12.295529584996984,38303852,44.232013,97.740141,0,stronger-titles
g0-stronger-titles,architecture,embeddings,lexical,False,40,0.7213464747415359,0.9291666666666666,0.715654761904762,0.825,387.4014700013504,12.295529584996984,38303852,44.232013,97.740141,0,stronger-titles
g0-stronger-titles,architecture,embeddings,vector,False,40,0.6555841935573563,0.84375,0.6598809523809523,0.65,1.1150559985253494,12.295529584996984,38303852,44.232013,97.740141,0,stronger-titles
g0-stronger-titles,architecture,turso,lexical-sql,True,40,0.5840043018567261,0.8625,0.5272023809523809,0.725,334.8808109985839,13.141567774000578,76846321,24.951218,71.2035,0,stronger-titles
g0-stronger-titles,enterprise,classical,association,False,40,0.4721490812236234,0.45863095238095236,0.5625,0.375,41.613199002313195,61.67594833700059,8014930,67.634056,109.581246,0,stronger-titles
g0-stronger-titles,enterprise,classical,bm25,False,40,0.5893268014207212,0.6456349206349207,0.6059027777777778,0.55,40.90803900180617,61.67594833700059,8014930,67.634056,109.581246,0,stronger-titles
g0-stronger-titles,enterprise,classical,fusion,True,40,0.43423767296046306,0.4246031746031746,0.5625,0.325,42.646126999898115,61.67594833700059,8014930,67.634056,109.581246,0,stronger-titles
g0-stronger-titles,enterprise,classical,topic,False,40,0.4667744513587383,0.4622023809523809,0.55,0.375,43.039252999733435,61.67594833700059,8014930,67.634056,109.581246,0,stronger-titles
g0-stronger-titles,data-science,adaptive,adaptive,True,40,0.9191690778762306,0.9916666666666666,0.9322916666666666,0.975,2792.216081998049,243.01896920000218,266252926,358.394018,403.232219,0,stronger-titles
g0-stronger-titles,astro,legacy,lexical,True,40,0.6051893734409577,0.7541666666666667,0.6446527777777777,0.575,2.3296270010177977,16.12780042200029,8773595,17.201071,58.70562,0,stronger-titles
g0-stronger-titles,data-science,entity-graph,entity,False,40,0.8082232181770198,0.9666666666666666,0.7966666666666666,0.9,7587.335034000716,486.6903794059981,676957164,1667.198481,1711.346786,0,stronger-titles
g0-stronger-titles,data-science,entity-graph,fusion,True,40,0.8579062471314278,0.975,0.86875,0.925,8634.081881002203,486.6903794059981,676957164,1667.198481,1711.346786,0,stronger-titles
g0-stronger-titles,data-science,entity-graph,lexical,False,40,0.9030992238880928,0.9916666666666666,0.8875,0.975,7453.814925000188,486.6903794059981,676957164,1667.198481,1711.346786,0,stronger-titles
g0-stronger-titles,data-science,entity-graph,traversal,False,40,0.5120233581543807,0.7958333333333333,0.43548611111111113,0.725,8272.663640997052,486.6903794059981,676957164,1667.198481,1711.346786,0,stronger-titles
g0-stronger-titles,astro,embeddings,hybrid,True,40,0.7851983317054789,0.8583333333333334,0.8554166666666667,0.7,106.26553899783175,30.10773233600048,13011524,39.045087,82.924814,0,stronger-titles
g0-stronger-titles,astro,embeddings,lexical,False,40,0.8595317947189383,0.8875,0.9541666666666666,0.725,83.77239900073619,30.10773233600048,13011524,39.045087,82.924814,0,stronger-titles
g0-stronger-titles,astro,embeddings,vector,False,40,0.5334457484471828,0.6875,0.551875,0.55,16.879294002137613,30.10773233600048,13011524,39.045087,82.924814,0,stronger-titles
g0-stronger-titles,data-science,legacy,lexical,True,40,0.8321588233274824,0.95,0.8175000000000001,0.9,0.5415099985839333,8.385462894999364,52554726,10.861361,56.219237,0,stronger-titles
g0-stronger-titles,astro,adaptive,adaptive,True,40,0.8085569389955969,0.86875,0.9104166666666667,0.725,2741.5644680004334,50.52904565599965,34362290,115.600874,159.900513,0,stronger-titles
g0-stronger-titles,enterprise,graphify,search,True,40,0.13626228624863054,0.17371031746031745,0.20423611111111112,0.1,139.68900400141138,138.9253100349997,14940327,143.056819,184.034886,0,stronger-titles
g0-stronger-titles,astro,entity-graph,entity,False,40,0.6801418974632101,0.8729166666666666,0.6886011904761904,0.725,1052.8019899975334,88.99273029400138,114816438,250.439784,293.797051,0,stronger-titles
g0-stronger-titles,astro,entity-graph,fusion,True,40,0.6947023065501792,0.8229166666666666,0.7670833333333333,0.65,1079.6799950003333,88.99273029400138,114816438,250.439784,293.797051,0,stronger-titles
g0-stronger-titles,astro,entity-graph,lexical,False,40,0.726198653452655,0.825,0.8204166666666668,0.6,1100.401359002717,88.99273029400138,114816438,250.439784,293.797051,0,stronger-titles
g0-stronger-titles,astro,entity-graph,traversal,False,40,0.32300205166298396,0.5041666666666667,0.303125,0.35,1072.3579690020415,88.99273029400138,114816438,250.439784,293.797051,0,stronger-titles
g0-stronger-titles,enterprise,adaptive,adaptive,True,40,0.5033603261131847,0.5899801587301587,0.5747222222222221,0.475,1658.9533369988203,68.56802697499734,8016106,108.079599,152.134109,0,stronger-titles
g0-stronger-titles,data-science,graphify,search,True,40,0.5440998456059355,0.5395833333333333,0.625,0.475,354.79598700112547,44.47113625199927,74673183,60.933069,105.526057,0,stronger-titles
g0-stronger-titles,astro,turso,lexical-sql,True,40,0.47813551023378115,0.6666666666666667,0.4916964285714286,0.475,147.22232799977064,21.18228137099868,32612315,25.61114,70.423808,0,stronger-titles
g0-stronger-titles,enterprise,ensemble,fast,False,40,0.5235778074844945,0.5899801587301587,0.5910416666666667,0.475,1510.4121139993367,281.40684831399994,19997413,390.74938,432.244764,0,stronger-titles
g0-stronger-titles,enterprise,ensemble,quality,True,40,0.5534950398893288,0.5899801587301587,0.6035714285714285,0.475,1497.251338998467,281.40684831399994,19997413,390.74938,432.244764,0,stronger-titles
g0-stronger-titles,enterprise,ensemble,robust,False,40,0.5033603261131847,0.5899801587301587,0.5747222222222221,0.475,1358.5493690006842,281.40684831399994,19997413,390.74938,432.244764,0,stronger-titles
g0-stronger-titles,data-science,ensemble,fast,False,40,0.9373767924218106,0.9916666666666666,0.9550000000000001,0.975,9935.373227002856,1329.033651802998,917220099,2284.367115,2332.652587,0,stronger-titles
g0-stronger-titles,data-science,ensemble,quality,True,40,0.9288167295650054,0.9916666666666666,0.9410714285714287,0.975,12324.790922997636,1329.033651802998,917220099,2284.367115,2332.652587,0,stronger-titles
g0-stronger-titles,data-science,ensemble,robust,False,40,0.9191690778762306,0.9916666666666666,0.9322916666666666,0.975,2915.066918998491,1329.033651802998,917220099,2284.367115,2332.652587,0,stronger-titles
g0-stronger-titles,astro,classical,association,False,40,0.8086737130807842,0.86875,0.9104166666666667,0.725,82.6968389992544,50.00124822699945,34361114,65.154931,106.829051,0,stronger-titles
g0-stronger-titles,astro,classical,bm25,False,40,0.7870382675036789,0.8625,0.8791666666666667,0.7,66.6737749997992,50.00124822699945,34361114,65.154931,106.829051,0,stronger-titles
g0-stronger-titles,astro,classical,fusion,True,40,0.8085569389955969,0.86875,0.9104166666666667,0.725,77.05434499803232,50.00124822699945,34361114,65.154931,106.829051,0,stronger-titles
g0-stronger-titles,astro,classical,topic,False,40,0.8086737130807842,0.86875,0.9104166666666667,0.725,77.8226980000909,50.00124822699945,34361114,65.154931,106.829051,0,stronger-titles
g0-stronger-titles,architecture,adaptive,adaptive,True,40,0.8629002689877016,0.9583333333333334,0.905,0.9,2168.826623001223,154.34454572200048,152558593,243.106197,286.464081,0,stronger-titles
g1-baseline,astro,graphify,search,True,40,0.5779156769160976,0.7729166666666667,0.5792261904761904,0.6,161.8065220027347,41.798957035003696,17785739,47.779704,97.76058,1,baseline
g1-baseline,enterprise,legacy,lexical,True,40,0.5749695375722894,0.6192460317460318,0.5986111111111111,0.525,4.328390001319349,42.343930649003596,4933955,43.308437,88.650602,1,baseline
g1-baseline,architecture,graphify,search,True,40,0.5775650846510725,0.5958333333333333,0.6875,0.425,141.25547100411495,18.907386697996117,32608496,25.220229,78.13678,1,baseline
g1-baseline,data-science,turso,lexical-sql,True,40,0.4016212910774567,0.74375,0.3178769841269841,0.65,557.7472700024373,30.633113798001432,158821350,51.799749,99.419166,1,baseline
g1-baseline,enterprise,turso,lexical-sql,True,40,0.40319114502840775,0.49871031746031746,0.40854166666666664,0.4,56.226098000479396,70.50185982100083,23927107,73.229123,129.250047,1,baseline
g1-baseline,architecture,classical,association,False,40,0.9255793625876316,0.9729166666666667,0.975,0.925,805.2594820037484,181.04035314000066,172206005,323.57749,375.771418,1,baseline
g1-baseline,architecture,classical,bm25,False,40,0.8417873692522331,0.8375,0.95,0.65,878.6547030031215,181.04035314000066,172206005,323.57749,375.771418,1,baseline
g1-baseline,architecture,classical,fusion,True,40,0.9257807641624444,0.9729166666666667,0.975,0.925,863.3790470048552,181.04035314000066,172206005,323.57749,375.771418,1,baseline
g1-baseline,architecture,classical,topic,False,40,0.9255793625876316,0.9729166666666667,0.975,0.925,790.4951689997688,181.04035314000066,172206005,323.57749,375.771418,1,baseline
g1-baseline,enterprise,entity-graph,entity,False,40,0.4525282790837736,0.5657738095238095,0.46673611111111113,0.45,71.772212999349,75.17734474699682,13856388,84.420963,131.937002,1,baseline
g1-baseline,enterprise,entity-graph,fusion,True,40,0.4673466879301481,0.5803571428571429,0.47333333333333333,0.5,63.56640499870991,75.17734474699682,13856388,84.420963,131.937002,1,baseline
g1-baseline,enterprise,entity-graph,lexical,False,40,0.5940418860485238,0.6373015873015873,0.6077777777777778,0.55,73.38177299970994,75.17734474699682,13856388,84.420963,131.937002,1,baseline
g1-baseline,enterprise,entity-graph,traversal,False,40,0.43274149507640913,0.5032738095238095,0.4604166666666667,0.375,69.96792700374499,75.17734474699682,13856388,84.420963,131.937002,1,baseline
g1-baseline,architecture,ensemble,fast,False,40,0.860373125427927,0.9520833333333334,0.89375,0.875,4665.880555003241,614.0090092750033,458363799,1062.585884,1109.058625,1,baseline
g1-baseline,architecture,ensemble,quality,True,40,0.8500964545549008,0.9520833333333334,0.8800000000000001,0.875,5771.957012002531,614.0090092750033,458363799,1062.585884,1109.058625,1,baseline
g1-baseline,architecture,ensemble,robust,False,40,0.8560699230171966,0.9520833333333334,0.905,0.875,1927.558092000254,614.0090092750033,458363799,1062.585884,1109.058625,1,baseline
g1-baseline,data-science,embeddings,hybrid,True,40,0.60043749109768,0.8895833333333334,0.5200297619047619,0.8,819.5317789941328,22.10500916199817,79076656,87.028116,130.598965,1,baseline
g1-baseline,data-science,embeddings,lexical,False,40,0.6323564091118224,0.8333333333333334,0.5818749999999999,0.75,804.0532669983804,22.10500916199817,79076656,87.028116,130.598965,1,baseline
g1-baseline,data-science,embeddings,vector,False,40,0.3938300811301899,0.7041666666666667,0.29134920634920636,0.675,2.161688003980089,22.10500916199817,79076656,87.028116,130.598965,1,baseline
g1-baseline,data-science,classical,association,False,40,0.8053872497363544,0.7854166666666667,0.9125,0.7,871.3569059982547,250.95678199000395,266251750,413.169513,455.019261,1,baseline
g1-baseline,data-science,classical,bm25,False,40,0.9308126691707017,0.9833333333333334,0.940625,0.95,826.4980609965278,250.95678199000395,266251750,413.169513,455.019261,1,baseline
g1-baseline,data-science,classical,fusion,True,40,0.8053872497363544,0.7854166666666667,0.9125,0.7,896.2216649961192,250.95678199000395,266251750,413.169513,455.019261,1,baseline
g1-baseline,data-science,classical,topic,False,40,0.8053872497363544,0.7854166666666667,0.9125,0.7,830.7652379953652,250.95678199000395,266251750,413.169513,455.019261,1,baseline
g1-baseline,enterprise,embeddings,hybrid,True,40,0.516406878690786,0.5991071428571428,0.541875,0.5,46.26027999620419,66.67267925200576,7169691,71.235261,114.657095,1,baseline
g1-baseline,enterprise,embeddings,lexical,False,40,0.5906691808155105,0.6185515873015872,0.615,0.5,10.083244000270497,66.67267925200576,7169691,71.235261,114.657095,1,baseline
g1-baseline,enterprise,embeddings,vector,False,40,0.32558215828649456,0.36924603174603177,0.3771825396825397,0.25,37.60683500149753,66.67267925200576,7169691,71.235261,114.657095,1,baseline
g1-baseline,architecture,legacy,lexical,True,40,0.8154736310803241,0.95,0.80625,0.9,0.20583799778250977,5.456219943000178,25449713,7.21268,53.092332,1,baseline
g1-baseline,architecture,entity-graph,entity,False,40,0.8175814821278008,0.9354166666666666,0.8114880952380952,0.825,4160.56278799806,220.3292214710018,318372177,765.757609,811.243092,1,baseline
g1-baseline,architecture,entity-graph,fusion,True,40,0.8350413379424438,0.975,0.8133333333333332,0.925,3983.920072998444,220.3292214710018,318372177,765.757609,811.243092,1,baseline
g1-baseline,architecture,entity-graph,lexical,False,40,0.8898418537701088,0.9833333333333334,0.8925000000000001,0.95,3977.8212349992828,220.3292214710018,318372177,765.757609,811.243092,1,baseline
g1-baseline,architecture,entity-graph,traversal,False,40,0.8030291944690846,0.9291666666666666,0.8091666666666667,0.85,3862.524033000227,220.3292214710018,318372177,765.757609,811.243092,1,baseline
g1-baseline,astro,ensemble,fast,False,40,0.8261885669345291,0.8875,0.9145833333333334,0.725,4566.458896995755,301.73720281999704,145084331,623.930723,671.412796,1,baseline
g1-baseline,astro,ensemble,quality,True,40,0.8262231573917006,0.8875,0.90625,0.725,4244.278457001201,301.73720281999704,145084331,623.930723,671.412796,1,baseline
g1-baseline,astro,ensemble,robust,False,40,0.8333545047679802,0.8875,0.9145833333333334,0.725,2835.5140860003303,301.73720281999704,145084331,623.930723,671.412796,1,baseline
g1-baseline,architecture,embeddings,hybrid,True,40,0.7237714735653961,0.9208333333333334,0.7154464285714286,0.8,471.37378500337945,12.491014958999585,38303852,47.731655,93.713864,1,baseline
g1-baseline,architecture,embeddings,lexical,False,40,0.7213464747415359,0.9291666666666666,0.715654761904762,0.825,433.1215220008744,12.491014958999585,38303852,47.731655,93.713864,1,baseline
g1-baseline,architecture,embeddings,vector,False,40,0.6555841935573563,0.84375,0.6598809523809523,0.65,1.4528389947372489,12.491014958999585,38303852,47.731655,93.713864,1,baseline
g1-baseline,architecture,turso,lexical-sql,True,40,0.5840043018567261,0.8625,0.5272023809523809,0.725,435.6365089988685,12.857848060994002,76846321,27.083077,74.322191,1,baseline
g1-baseline,enterprise,classical,association,False,40,0.4721490812236234,0.45863095238095236,0.5625,0.375,66.78819499938982,82.53104910100228,8014930,91.148134,135.986973,1,baseline
g1-baseline,enterprise,classical,bm25,False,40,0.5893268014207212,0.6456349206349207,0.6059027777777778,0.55,60.348744998918846,82.53104910100228,8014930,91.148134,135.986973,1,baseline
g1-baseline,enterprise,classical,fusion,True,40,0.43423767296046306,0.4246031746031746,0.5625,0.325,68.2205549965147,82.53104910100228,8014930,91.148134,135.986973,1,baseline
g1-baseline,enterprise,classical,topic,False,40,0.4667744513587383,0.4622023809523809,0.55,0.375,61.73412100179121,82.53104910100228,8014930,91.148134,135.986973,1,baseline
g1-baseline,data-science,adaptive,adaptive,True,40,0.9178174181007902,0.9916666666666666,0.9322916666666666,0.975,2657.4252150021493,268.93354646999796,266252926,380.894361,425.181808,1,baseline
g1-baseline,astro,legacy,lexical,True,40,0.6051893734409577,0.7541666666666667,0.6446527777777777,0.575,2.335331999347545,17.230076863997965,8773595,18.269311,63.460736,1,baseline
g1-baseline,data-science,entity-graph,entity,False,40,0.8082232181770198,0.9666666666666666,0.7966666666666666,0.9,7886.222950000956,469.2953800279938,676957164,1680.701847,1726.631783,1,baseline
g1-baseline,data-science,entity-graph,fusion,True,40,0.8579062471314278,0.975,0.86875,0.925,10400.854267994873,469.2953800279938,676957164,1680.701847,1726.631783,1,baseline
g1-baseline,data-science,entity-graph,lexical,False,40,0.9030992238880928,0.9916666666666666,0.8875,0.975,7368.5581350000575,469.2953800279938,676957164,1680.701847,1726.631783,1,baseline
g1-baseline,data-science,entity-graph,traversal,False,40,0.5120233581543807,0.7958333333333333,0.43548611111111113,0.725,7973.159903995111,469.2953800279938,676957164,1680.701847,1726.631783,1,baseline
g1-baseline,astro,embeddings,hybrid,True,40,0.7851983317054789,0.8583333333333334,0.8554166666666667,0.7,98.72457000165014,26.731644366998808,13011524,35.157885,77.500043,1,baseline
g1-baseline,astro,embeddings,lexical,False,40,0.8595317947189383,0.8875,0.9541666666666666,0.725,78.6866850030492,26.731644366998808,13011524,35.157885,77.500043,1,baseline
g1-baseline,astro,embeddings,vector,False,40,0.5334457484471828,0.6875,0.551875,0.55,16.261411998129915,26.731644366998808,13011524,35.157885,77.500043,1,baseline
g1-baseline,data-science,legacy,lexical,True,40,0.8321588233274824,0.95,0.8175000000000001,0.9,0.2989730055560358,7.899138597000274,52554726,10.124074,52.787185,1,baseline
g1-baseline,astro,adaptive,adaptive,True,40,0.8333545047679802,0.8875,0.9145833333333334,0.725,2646.523203999095,51.372273359003884,34362290,115.787045,157.024467,1,baseline
g1-baseline,enterprise,graphify,search,True,40,0.13626228624863054,0.17371031746031745,0.20423611111111112,0.1,131.63555800565518,135.20569491799688,14940327,139.268902,180.498755,1,baseline
g1-baseline,astro,entity-graph,entity,False,40,0.6801418974632101,0.8729166666666666,0.6886011904761904,0.725,1072.4746730047627,89.07358716399904,114816438,255.55891,298.795445,1,baseline
g1-baseline,astro,entity-graph,fusion,True,40,0.6947023065501792,0.8229166666666666,0.7670833333333333,0.65,1156.223477999447,89.07358716399904,114816438,255.55891,298.795445,1,baseline
g1-baseline,astro,entity-graph,lexical,False,40,0.726198653452655,0.825,0.8204166666666668,0.6,1095.9903189941542,89.07358716399904,114816438,255.55891,298.795445,1,baseline
g1-baseline,astro,entity-graph,traversal,False,40,0.32300205166298396,0.5041666666666667,0.303125,0.35,1106.090868001047,89.07358716399904,114816438,255.55891,298.795445,1,baseline
g1-baseline,enterprise,adaptive,adaptive,True,40,0.5033603261131847,0.5899801587301587,0.5747222222222221,0.475,1429.9933119982597,73.05774310100242,8016106,109.89537,154.562931,1,baseline
g1-baseline,data-science,graphify,search,True,40,0.5440998456059355,0.5395833333333333,0.625,0.475,330.5320200015558,40.5646390519978,74673183,56.303028,100.917239,1,baseline
g1-baseline,astro,turso,lexical-sql,True,40,0.47813551023378115,0.6666666666666667,0.4916964285714286,0.475,148.76177100086352,21.43404980899504,32612315,26.078303,73.491443,1,baseline
g1-baseline,enterprise,ensemble,fast,False,40,0.5232169354564508,0.5899801587301587,0.5906944444444444,0.475,1858.9918309953646,306.2827892389978,19997413,436.575356,483.611868,1,baseline
g1-baseline,enterprise,ensemble,quality,True,40,0.5534950398893288,0.5899801587301587,0.6035714285714285,0.475,1842.6796290004859,306.2827892389978,19997413,436.575356,483.611868,1,baseline
g1-baseline,enterprise,ensemble,robust,False,40,0.5033603261131847,0.5899801587301587,0.5747222222222221,0.475,1612.2926750031183,306.2827892389978,19997413,436.575356,483.611868,1,baseline
g1-baseline,data-science,ensemble,fast,False,40,0.9443798652334638,0.9916666666666666,0.9675,0.975,9004.43497300148,1306.450095674998,917220099,2178.091936,2223.180186,1,baseline
g1-baseline,data-science,ensemble,quality,True,40,0.9278098590730673,0.9916666666666666,0.9410714285714287,0.975,11719.634705004864,1306.450095674998,917220099,2178.091936,2223.180186,1,baseline
g1-baseline,data-science,ensemble,robust,False,40,0.9178174181007902,0.9916666666666666,0.9322916666666666,0.975,2784.582321997732,1306.450095674998,917220099,2178.091936,2223.180186,1,baseline
g1-baseline,astro,classical,association,False,40,0.833714038207259,0.8875,0.9145833333333334,0.725,112.06935399968643,57.124814331997186,34361114,76.734797,122.384452,1,baseline
g1-baseline,astro,classical,bm25,False,40,0.8312722975904278,0.8875,0.9208333333333334,0.725,87.15457200014498,57.124814331997186,34361114,76.734797,122.384452,1,baseline
g1-baseline,astro,classical,fusion,True,40,0.8333545047679802,0.8875,0.9145833333333334,0.725,112.8593519970309,57.124814331997186,34361114,76.734797,122.384452,1,baseline
g1-baseline,astro,classical,topic,False,40,0.8321779745083969,0.8875,0.9145833333333334,0.725,105.08720800135052,57.124814331997186,34361114,76.734797,122.384452,1,baseline
g1-baseline,architecture,adaptive,adaptive,True,40,0.8560699230171966,0.9520833333333334,0.905,0.875,1773.5839689994464,160.70014212800015,152558593,226.850237,271.860508,1,baseline
g1-neural-expand,astro,graphify,search,True,40,0.5779156769160976,0.7729166666666667,0.5792261904761904,0.6,166.95800000161398,44.98231795600441,17785739,51.207497,98.56714,1,neural-expand
g1-neural-expand,enterprise,legacy,lexical,True,40,0.5749695375722894,0.6192460317460318,0.5986111111111111,0.525,3.50283199804835,46.177508198001306,4933955,47.102008,89.639313,1,neural-expand
g1-neural-expand,architecture,graphify,search,True,40,0.5775650846510725,0.5958333333333333,0.6875,0.425,105.47585500171408,16.941630743000132,32608496,21.981309,69.049004,1,neural-expand
g1-neural-expand,data-science,turso,lexical-sql,True,40,0.4016212910774567,0.74375,0.3178769841269841,0.65,486.67173399735475,21.51172993399814,158821350,40.140016,85.736607,1,neural-expand
g1-neural-expand,enterprise,turso,lexical-sql,True,40,0.40319114502840775,0.49871031746031746,0.40854166666666664,0.4,47.70584999641869,42.32659203300136,23927107,44.468736,90.864839,1,neural-expand
g1-neural-expand,architecture,classical,association,False,40,0.9172305397819717,0.9729166666666667,0.95,0.925,750.4254520026734,173.9774366099955,172206008,314.641824,361.362461,1,neural-expand
g1-neural-expand,architecture,classical,bm25,False,40,0.8417873692522331,0.8375,0.95,0.65,784.258381005202,173.9774366099955,172206008,314.641824,361.362461,1,neural-expand
g1-neural-expand,architecture,classical,fusion,True,40,0.9172305397819717,0.9729166666666667,0.95,0.925,984.2289029984386,173.9774366099955,172206008,314.641824,361.362461,1,neural-expand
g1-neural-expand,architecture,classical,topic,False,40,0.9172305397819717,0.9729166666666667,0.95,0.925,779.7840450002695,173.9774366099955,172206008,314.641824,361.362461,1,neural-expand
g1-neural-expand,enterprise,entity-graph,entity,False,40,0.4525282790837736,0.5657738095238095,0.46673611111111113,0.45,85.551823998685,79.21339944999636,13856388,89.704748,136.678761,1,neural-expand
g1-neural-expand,enterprise,entity-graph,fusion,True,40,0.4673466879301481,0.5803571428571429,0.47333333333333333,0.5,77.08229399577249,79.21339944999636,13856388,89.704748,136.678761,1,neural-expand
g1-neural-expand,enterprise,entity-graph,lexical,False,40,0.5940418860485238,0.6373015873015873,0.6077777777777778,0.55,90.12655799597269,79.21339944999636,13856388,89.704748,136.678761,1,neural-expand
g1-neural-expand,enterprise,entity-graph,traversal,False,40,0.43274149507640913,0.5032738095238095,0.4604166666666667,0.375,74.7547270002542,79.21339944999636,13856388,89.704748,136.678761,1,neural-expand
g1-neural-expand,architecture,ensemble,fast,False,40,0.8608022690572019,0.9520833333333334,0.90625,0.875,4574.656890996266,657.1519117819989,458364160,1092.273868,1136.26124,1,neural-expand
g1-neural-expand,architecture,ensemble,quality,True,40,0.8402651982690935,0.9520833333333334,0.866904761904762,0.875,5514.2446020036,657.1519117819989,458364160,1092.273868,1136.26124,1,neural-expand
g1-neural-expand,architecture,ensemble,robust,False,40,0.8518232889631128,0.9520833333333334,0.891904761904762,0.875,1735.9915589986485,657.1519117819989,458364160,1092.273868,1136.26124,1,neural-expand
g1-neural-expand,data-science,embeddings,hybrid,True,40,0.8789004393851517,0.975,0.8834325396825398,0.95,1366.9143239967525,63.69614857599663,79076741,151.909926,196.815051,1,neural-expand
g1-neural-expand,data-science,embeddings,lexical,False,40,0.6323564091118224,0.8333333333333334,0.5818749999999999,0.75,875.8789040002739,63.69614857599663,79076741,151.909926,196.815051,1,neural-expand
g1-neural-expand,data-science,embeddings,vector,False,40,0.8791962894255173,0.975,0.87375,0.925,162.69449399987934,63.69614857599663,79076741,151.909926,196.815051,1,neural-expand
g1-neural-expand,data-science,classical,association,False,40,0.8053872497363544,0.7854166666666667,0.9125,0.7,856.9208680055453,246.46223745599855,266251753,405.828202,448.782394,1,neural-expand
g1-neural-expand,data-science,classical,bm25,False,40,0.9308126691707017,0.9833333333333334,0.940625,0.95,808.0853220017161,246.46223745599855,266251753,405.828202,448.782394,1,neural-expand
g1-neural-expand,data-science,classical,fusion,True,40,0.8053872497363544,0.7854166666666667,0.9125,0.7,858.7738189962693,246.46223745599855,266251753,405.828202,448.782394,1,neural-expand
g1-neural-expand,data-science,classical,topic,False,40,0.8053872497363544,0.7854166666666667,0.9125,0.7,792.4693550012307,246.46223745599855,266251753,405.828202,448.782394,1,neural-expand
g1-neural-expand,enterprise,embeddings,hybrid,True,40,0.6319043854152289,0.6838293650793651,0.64375,0.575,192.32257200201275,84.55118243100151,9891587,105.097132,148.357343,1,neural-expand
g1-neural-expand,enterprise,embeddings,lexical,False,40,0.5906691808155105,0.6185515873015872,0.615,0.5,9.927726998284925,84.55118243100151,9891587,105.097132,148.357343,1,neural-expand
g1-neural-expand,enterprise,embeddings,vector,False,40,0.6070458273832384,0.6893849206349206,0.6081547619047619,0.575,196.06155899964506,84.55118243100151,9891587,105.097132,148.357343,1,neural-expand
g1-neural-expand,architecture,legacy,lexical,True,40,0.8154736310803241,0.95,0.80625,0.9,0.17730099352775142,5.012722849001875,25449713,6.433356,46.906064,1,neural-expand
g1-neural-expand,architecture,entity-graph,entity,False,40,0.8175814821278008,0.9354166666666666,0.8114880952380952,0.825,2882.263875006174,200.05851893199724,318372177,630.501738,672.550679,1,neural-expand
g1-neural-expand,architecture,entity-graph,fusion,True,40,0.8350413379424438,0.975,0.8133333333333332,0.925,2801.2769850029144,200.05851893199724,318372177,630.501738,672.550679,1,neural-expand
g1-neural-expand,architecture,entity-graph,lexical,False,40,0.8898418537701088,0.9833333333333334,0.8925000000000001,0.95,2772.22183199774,200.05851893199724,318372177,630.501738,672.550679,1,neural-expand
g1-neural-expand,architecture,entity-graph,traversal,False,40,0.8030291944690846,0.9291666666666666,0.8091666666666667,0.85,2792.169391999778,200.05851893199724,318372177,630.501738,672.550679,1,neural-expand
g1-neural-expand,astro,ensemble,fast,False,40,0.8089612475383469,0.8875,0.8854166666666666,0.725,3470.8311239955947,278.7982837599993,145852641,552.477246,594.856852,1,neural-expand
g1-neural-expand,astro,ensemble,quality,True,40,0.8125656760291715,0.8875,0.8895833333333334,0.725,3852.6919889991404,278.7982837599993,145852641,552.477246,594.856852,1,neural-expand
g1-neural-expand,astro,ensemble,robust,False,40,0.8326584600131275,0.8875,0.9208333333333334,0.725,2645.153522003966,278.7982837599993,145852641,552.477246,594.856852,1,neural-expand
g1-neural-expand,architecture,embeddings,hybrid,True,40,0.7708433851860573,0.9354166666666666,0.7881944444444444,0.8,546.5042850046302,29.56924366799649,38304143,75.896281,118.597797,1,neural-expand
g1-neural-expand,architecture,embeddings,lexical,False,40,0.7213464747415359,0.9291666666666666,0.715654761904762,0.825,392.1599300010712,29.56924366799649,38304143,75.896281,118.597797,1,neural-expand
g1-neural-expand,architecture,embeddings,vector,False,40,0.7573070003305074,0.9125,0.7765277777777777,0.775,137.31271200231276,29.56924366799649,38304143,75.896281,118.597797,1,neural-expand
g1-neural-expand,architecture,turso,lexical-sql,True,40,0.5840043018567261,0.8625,0.5272023809523809,0.725,348.6590169995907,11.026208904004307,76846321,22.849576,66.625199,1,neural-expand
g1-neural-expand,enterprise,classical,association,False,40,0.4772435834225347,0.45863095238095236,0.575,0.375,40.25884399743518,59.82193662300415,8014933,65.658854,108.712871,1,neural-expand
g1-neural-expand,enterprise,classical,bm25,False,40,0.5893268014207212,0.6456349206349207,0.6059027777777778,0.55,39.788850997865666,59.82193662300415,8014933,65.658854,108.712871,1,neural-expand
g1-neural-expand,enterprise,classical,fusion,True,40,0.4434644291211766,0.4246031746031746,0.575,0.325,41.143961003399454,59.82193662300415,8014933,65.658854,108.712871,1,neural-expand
g1-neural-expand,enterprise,classical,topic,False,40,0.48110404197809953,0.4622023809523809,0.575,0.375,40.70664300525095,59.82193662300415,8014933,65.658854,108.712871,1,neural-expand
g1-neural-expand,data-science,adaptive,adaptive,True,40,0.9141270327970533,0.9833333333333334,0.9322916666666666,0.95,2628.7468439986696,234.82429958699504,266252929,341.02742,381.787218,1,neural-expand
g1-neural-expand,astro,legacy,lexical,True,40,0.6051893734409577,0.7541666666666667,0.6446527777777777,0.575,2.4340489981113933,16.2787054099972,8773595,17.243045,58.659027,1,neural-expand
g1-neural-expand,data-science,entity-graph,entity,False,40,0.8082232181770198,0.9666666666666666,0.7966666666666666,0.9,7353.160081998794,455.1857425929993,676957164,1529.596664,1571.645893,1,neural-expand
g1-neural-expand,data-science,entity-graph,fusion,True,40,0.8579062471314278,0.975,0.86875,0.925,6790.866687995731,455.1857425929993,676957164,1529.596664,1571.645893,1,neural-expand
g1-neural-expand,data-science,entity-graph,lexical,False,40,0.9030992238880928,0.9916666666666666,0.8875,0.975,7188.988504996814,455.1857425929993,676957164,1529.596664,1571.645893,1,neural-expand
g1-neural-expand,data-science,entity-graph,traversal,False,40,0.5120233581543807,0.7958333333333333,0.43548611111111113,0.725,6921.293528001115,455.1857425929993,676957164,1529.596664,1571.645893,1,neural-expand
g1-neural-expand,astro,embeddings,hybrid,True,40,0.7434446547499104,0.9104166666666667,0.73625,0.75,233.80169799929718,63.32131341600325,13779764,86.709243,127.947372,1,neural-expand
g1-neural-expand,astro,embeddings,lexical,False,40,0.8595317947189383,0.8875,0.9541666666666666,0.725,79.73672600201098,63.32131341600325,13779764,86.709243,127.947372,1,neural-expand
g1-neural-expand,astro,embeddings,vector,False,40,0.5064517991429629,0.6770833333333333,0.5192261904761905,0.475,153.162907998194,63.32131341600325,13779764,86.709243,127.947372,1,neural-expand
g1-neural-expand,data-science,legacy,lexical,True,40,0.8321588233274824,0.95,0.8175000000000001,0.9,0.30079300631769,7.84817691599892,52554726,9.985325,52.260177,1,neural-expand
g1-neural-expand,astro,adaptive,adaptive,True,40,0.8326584600131275,0.8875,0.9208333333333334,0.725,2598.870859001181,47.28550848500163,34362293,108.892029,150.322517,1,neural-expand
g1-neural-expand,enterprise,graphify,search,True,40,0.13626228624863054,0.17371031746031745,0.20423611111111112,0.1,134.8306229992886,135.14127752000059,14940327,139.156796,180.162597,1,neural-expand
g1-neural-expand,astro,entity-graph,entity,False,40,0.6801418974632101,0.8729166666666666,0.6886011904761904,0.725,1054.22759999783,88.90369415799796,114816438,247.251101,288.231798,1,neural-expand
g1-neural-expand,astro,entity-graph,fusion,True,40,0.6947023065501792,0.8229166666666666,0.7670833333333333,0.65,1054.7799889973248,88.90369415799796,114816438,247.251101,288.231798,1,neural-expand
g1-neural-expand,astro,entity-graph,lexical,False,40,0.726198653452655,0.825,0.8204166666666668,0.6,1043.979253998259,88.90369415799796,114816438,247.251101,288.231798,1,neural-expand
g1-neural-expand,astro,entity-graph,traversal,False,40,0.32300205166298396,0.5041666666666667,0.303125,0.35,1040.854438993847,88.90369415799796,114816438,247.251101,288.231798,1,neural-expand
g1-neural-expand,enterprise,adaptive,adaptive,True,40,0.5056922738907149,0.5649801587301587,0.585515873015873,0.45,1305.9416269970825,61.396534608000366,8016109,94.410874,135.789214,1,neural-expand
g1-neural-expand,data-science,graphify,search,True,40,0.5440998456059355,0.5395833333333333,0.625,0.475,316.87820200022543,36.351954534999095,74673183,51.302281,92.379433,1,neural-expand
g1-neural-expand,astro,turso,lexical-sql,True,40,0.47813551023378115,0.6666666666666667,0.4916964285714286,0.475,138.69124199845828,19.65842576700379,32612315,23.829847,64.981048,1,neural-expand
g1-neural-expand,enterprise,ensemble,fast,False,40,0.515119339220484,0.5649801587301587,0.5873214285714285,0.45,1367.408203004743,269.24199594200036,22719379,379.124648,421.335429,1,neural-expand
g1-neural-expand,enterprise,ensemble,quality,True,40,0.5435477103092605,0.5649801587301587,0.5947916666666667,0.45,1637.5999260053504,269.24199594200036,22719379,379.124648,421.335429,1,neural-expand
g1-neural-expand,enterprise,ensemble,robust,False,40,0.5056922738907149,0.5649801587301587,0.585515873015873,0.45,1310.0819480023347,269.24199594200036,22719379,379.124648,421.335429,1,neural-expand
g1-neural-expand,data-science,ensemble,fast,False,40,0.9307253012666685,0.9833333333333334,0.9550000000000001,0.95,8927.693643003295,1231.3379821670023,917220254,2073.543905,2116.326337,1,neural-expand
g1-neural-expand,data-science,ensemble,quality,True,40,0.9246622041386964,0.9833333333333334,0.9410714285714287,0.95,10525.434227005462,1231.3379821670023,917220254,2073.543905,2116.326337,1,neural-expand
g1-neural-expand,data-science,ensemble,robust,False,40,0.9141270327970533,0.9833333333333334,0.9322916666666666,0.95,2204.1973309969762,1231.3379821670023,917220254,2073.543905,2116.326337,1,neural-expand
g1-neural-expand,astro,classical,association,False,40,0.8326584600131275,0.8875,0.9208333333333334,0.725,77.79023500188487,47.3921948549978,34361117,61.969294,103.24777,1,neural-expand
g1-neural-expand,astro,classical,bm25,False,40,0.8312722975904278,0.8875,0.9208333333333334,0.725,62.34997700084932,47.3921948549978,34361117,61.969294,103.24777,1,neural-expand
g1-neural-expand,astro,classical,fusion,True,40,0.8326584600131275,0.8875,0.9208333333333334,0.725,78.06286500272108,47.3921948549978,34361117,61.969294,103.24777,1,neural-expand
g1-neural-expand,astro,classical,topic,False,40,0.8329268153370929,0.8875,0.9208333333333334,0.725,81.4014940042398,47.3921948549978,34361117,61.969294,103.24777,1,neural-expand
g1-neural-expand,architecture,adaptive,adaptive,True,40,0.8518232889631128,0.9520833333333334,0.891904761904762,0.875,1646.1609870020766,130.10433746899798,152558596,193.677535,235.768551,1,neural-expand
g1-neural-titles,astro,graphify,search,True,40,0.5779156769160976,0.7729166666666667,0.5792261904761904,0.6,150.11985399905825,35.48165008499927,17785739,41.164745,84.725921,1,neural-titles
g1-neural-titles,enterprise,legacy,lexical,True,40,0.5749695375722894,0.6192460317460318,0.5986111111111111,0.525,3.161950000503566,35.485821150003176,4933955,36.317409,76.267227,1,neural-titles
g1-neural-titles,architecture,graphify,search,True,40,0.5775650846510725,0.5958333333333333,0.6875,0.425,96.21431599953212,15.658409804003895,32608496,20.530073,64.710333,1,neural-titles
g1-neural-titles,data-science,turso,lexical-sql,True,40,0.4016212910774567,0.74375,0.3178769841269841,0.65,455.93365500099026,20.513890406000428,158821350,37.551662,81.518275,1,neural-titles
g1-neural-titles,enterprise,turso,lexical-sql,True,40,0.40319114502840775,0.49871031746031746,0.40854166666666664,0.4,39.00041199813131,40.38253711799916,23927107,42.287274,84.625971,1,neural-titles
g1-neural-titles,architecture,classical,association,False,40,0.9131563116987886,0.95,0.975,0.9,703.2879350008443,139.17649357699702,172206005,263.293178,305.709326,1,neural-titles
g1-neural-titles,architecture,classical,bm25,False,40,0.8237233931556295,0.8083333333333333,0.9625,0.55,723.2587249964126,139.17649357699702,172206005,263.293178,305.709326,1,neural-titles
g1-neural-titles,architecture,classical,fusion,True,40,0.9185135776430311,0.9583333333333334,0.975,0.9,698.393112004851,139.17649357699702,172206005,263.293178,305.709326,1,neural-titles
g1-neural-titles,architecture,classical,topic,False,40,0.9131563116987886,0.95,0.975,0.9,742.7062600036152,139.17649357699702,172206005,263.293178,305.709326,1,neural-titles
g1-neural-titles,enterprise,entity-graph,entity,False,40,0.4525282790837736,0.5657738095238095,0.46673611111111113,0.45,50.71583700191695,60.9938202379999,13856388,68.30185,108.663161,1,neural-titles
g1-neural-titles,enterprise,entity-graph,fusion,True,40,0.4673466879301481,0.5803571428571429,0.47333333333333333,0.5,50.29364299844019,60.9938202379999,13856388,68.30185,108.663161,1,neural-titles
g1-neural-titles,enterprise,entity-graph,lexical,False,40,0.5940418860485238,0.6373015873015873,0.6077777777777778,0.55,54.63228200096637,60.9938202379999,13856388,68.30185,108.663161,1,neural-titles
g1-neural-titles,enterprise,entity-graph,traversal,False,40,0.43274149507640913,0.5032738095238095,0.4604166666666667,0.375,51.892611001676414,60.9938202379999,13856388,68.30185,108.663161,1,neural-titles
g1-neural-titles,architecture,ensemble,fast,False,40,0.8666698105997626,0.9583333333333334,0.89375,0.9,4224.492102002841,601.6483602570006,458364154,1024.110426,1065.49427,1,neural-titles
g1-neural-titles,architecture,ensemble,quality,True,40,0.8460134884963335,0.9583333333333334,0.8675,0.9,5266.582887001277,601.6483602570006,458364154,1024.110426,1065.49427,1,neural-titles
g1-neural-titles,architecture,ensemble,robust,False,40,0.8629002689877016,0.9583333333333334,0.905,0.9,1748.7569500008249,601.6483602570006,458364154,1024.110426,1065.49427,1,neural-titles
g1-neural-titles,data-science,embeddings,hybrid,True,40,0.8789004393851517,0.975,0.8834325396825398,0.95,940.4936599967186,51.45934359599778,79076741,128.533937,171.09762,1,neural-titles
g1-neural-titles,data-science,embeddings,lexical,False,40,0.6323564091118224,0.8333333333333334,0.5818749999999999,0.75,763.2730569966952,51.45934359599778,79076741,128.533937,171.09762,1,neural-titles
g1-neural-titles,data-science,embeddings,vector,False,40,0.8791962894255173,0.975,0.87375,0.925,143.11391199589707,51.45934359599778,79076741,128.533937,171.09762,1,neural-titles
g1-neural-titles,data-science,classical,association,False,40,0.8053872497363544,0.7854166666666667,0.9125,0.7,863.4810469957301,240.07654088600248,266251750,400.915828,442.085953,1,neural-titles
g1-neural-titles,data-science,classical,bm25,False,40,0.9328206725229485,0.9833333333333334,0.9410714285714287,0.95,834.3616120037041,240.07654088600248,266251750,400.915828,442.085953,1,neural-titles
g1-neural-titles,data-science,classical,fusion,True,40,0.8053872497363544,0.7854166666666667,0.9125,0.7,862.1250309952302,240.07654088600248,266251750,400.915828,442.085953,1,neural-titles
g1-neural-titles,data-science,classical,topic,False,40,0.8053872497363544,0.7854166666666667,0.9125,0.7,797.5421500013908,240.07654088600248,266251750,400.915828,442.085953,1,neural-titles
g1-neural-titles,enterprise,embeddings,hybrid,True,40,0.6319043854152289,0.6838293650793651,0.64375,0.575,184.70333999721333,79.03599825700076,9891587,98.416186,139.639681,1,neural-titles
g1-neural-titles,enterprise,embeddings,lexical,False,40,0.5906691808155105,0.6185515873015872,0.615,0.5,9.70350699935807,79.03599825700076,9891587,98.416186,139.639681,1,neural-titles
g1-neural-titles,enterprise,embeddings,vector,False,40,0.6070458273832384,0.6893849206349206,0.6081547619047619,0.575,181.96355700638378,79.03599825700076,9891587,98.416186,139.639681,1,neural-titles
g1-neural-titles,architecture,legacy,lexical,True,40,0.8154736310803241,0.95,0.80625,0.9,0.19226199947297573,4.911359788995469,25449713,6.346458,47.518382,1,neural-titles
g1-neural-titles,architecture,entity-graph,entity,False,40,0.8175814821278008,0.9354166666666666,0.8114880952380952,0.825,2917.602490997524,200.64059145000647,318372177,646.487229,689.051249,1,neural-titles
g1-neural-titles,architecture,entity-graph,fusion,True,40,0.8350413379424438,0.975,0.8133333333333332,0.925,2877.771881001536,200.64059145000647,318372177,646.487229,689.051249,1,neural-titles
g1-neural-titles,architecture,entity-graph,lexical,False,40,0.8898418537701088,0.9833333333333334,0.8925000000000001,0.95,2935.490830001072,200.64059145000647,318372177,646.487229,689.051249,1,neural-titles
g1-neural-titles,architecture,entity-graph,traversal,False,40,0.8030291944690846,0.9291666666666666,0.8091666666666667,0.85,2912.4318030008,200.64059145000647,318372177,646.487229,689.051249,1,neural-titles
g1-neural-titles,astro,ensemble,fast,False,40,0.8208586027259676,0.86875,0.9208333333333334,0.725,3472.022415000538,278.49967834400013,145852635,552.729815,597.418999,1,neural-titles
g1-neural-titles,astro,ensemble,quality,True,40,0.8157346137323568,0.86875,0.9166666666666666,0.725,4057.0466889985255,278.49967834400013,145852635,552.729815,597.418999,1,neural-titles
g1-neural-titles,astro,ensemble,robust,False,40,0.8085569389955969,0.86875,0.9104166666666667,0.725,2621.3213989976794,278.49967834400013,145852635,552.729815,597.418999,1,neural-titles
g1-neural-titles,architecture,embeddings,hybrid,True,40,0.7708433851860573,0.9354166666666666,0.7881944444444444,0.8,547.0978979938081,29.856088723994617,38304143,76.444489,119.48102,1,neural-titles
g1-neural-titles,architecture,embeddings,lexical,False,40,0.7213464747415359,0.9291666666666666,0.715654761904762,0.825,388.6779089953052,29.856088723994617,38304143,76.444489,119.48102,1,neural-titles
g1-neural-titles,architecture,embeddings,vector,False,40,0.7573070003305074,0.9125,0.7765277777777777,0.775,140.16798899683636,29.856088723994617,38304143,76.444489,119.48102,1,neural-titles
g1-neural-titles,architecture,turso,lexical-sql,True,40,0.5840043018567261,0.8625,0.5272023809523809,0.725,339.3599330011057,11.078074966004351,76846321,22.917563,64.556607,1,neural-titles
g1-neural-titles,enterprise,classical,association,False,40,0.4721490812236234,0.45863095238095236,0.5625,0.375,40.57525299867848,60.06756616799976,8014930,65.755808,107.65244,1,neural-titles
g1-neural-titles,enterprise,classical,bm25,False,40,0.5893268014207212,0.6456349206349207,0.6059027777777778,0.55,39.32953899493441,60.06756616799976,8014930,65.755808,107.65244,1,neural-titles
g1-neural-titles,enterprise,classical,fusion,True,40,0.43423767296046306,0.4246031746031746,0.5625,0.325,39.79225100192707,60.06756616799976,8014930,65.755808,107.65244,1,neural-titles
g1-neural-titles,enterprise,classical,topic,False,40,0.4667744513587383,0.4622023809523809,0.55,0.375,39.585382997756824,60.06756616799976,8014930,65.755808,107.65244,1,neural-titles
g1-neural-titles,data-science,adaptive,adaptive,True,40,0.9191690778762306,0.9916666666666666,0.9322916666666666,0.975,2437.1914690054837,235.96756524300145,266252926,337.768691,379.881812,1,neural-titles
g1-neural-titles,astro,legacy,lexical,True,40,0.6051893734409577,0.7541666666666667,0.6446527777777777,0.575,2.2655549983028322,16.328976526994666,8773595,17.240658,58.325192,1,neural-titles
g1-neural-titles,data-science,entity-graph,entity,False,40,0.8082232181770198,0.9666666666666666,0.7966666666666666,0.9,7347.559588000877,452.69556257800286,676957164,1533.291696,1575.983837,1,neural-titles
g1-neural-titles,data-science,entity-graph,fusion,True,40,0.8579062471314278,0.975,0.86875,0.925,6960.531903001538,452.69556257800286,676957164,1533.291696,1575.983837,1,neural-titles
g1-neural-titles,data-science,entity-graph,lexical,False,40,0.9030992238880928,0.9916666666666666,0.8875,0.975,7298.262773001625,452.69556257800286,676957164,1533.291696,1575.983837,1,neural-titles
g1-neural-titles,data-science,entity-graph,traversal,False,40,0.5120233581543807,0.7958333333333333,0.43548611111111113,0.725,7028.829694005253,452.69556257800286,676957164,1533.291696,1575.983837,1,neural-titles
g1-neural-titles,astro,embeddings,hybrid,True,40,0.7434446547499104,0.9104166666666667,0.73625,0.75,247.5630109984195,63.081206380004005,13779764,86.915714,129.717887,1,neural-titles
g1-neural-titles,astro,embeddings,lexical,False,40,0.8595317947189383,0.8875,0.9541666666666666,0.725,81.07467999798246,63.081206380004005,13779764,86.915714,129.717887,1,neural-titles
g1-neural-titles,astro,embeddings,vector,False,40,0.5064517991429629,0.6770833333333333,0.5192261904761905,0.475,172.238863997336,63.081206380004005,13779764,86.915714,129.717887,1,neural-titles
g1-neural-titles,data-science,legacy,lexical,True,40,0.8321588233274824,0.95,0.8175000000000001,0.9,0.256539999099914,7.903065525002603,52554726,10.102716,51.718799,1,neural-titles
g1-neural-titles,astro,adaptive,adaptive,True,40,0.8085569389955969,0.86875,0.9104166666666667,0.725,2627.941501996247,47.79736729000433,34362290,109.554212,151.603539,1,neural-titles
g1-neural-titles,enterprise,graphify,search,True,40,0.13626228624863054,0.17371031746031745,0.20423611111111112,0.1,136.26134600053774,133.4794652809942,14940327,137.461603,178.259681,1,neural-titles
g1-neural-titles,astro,entity-graph,entity,False,40,0.6801418974632101,0.8729166666666666,0.6886011904761904,0.725,1011.2284610004281,86.9863777999999,114816438,241.728499,282.714815,1,neural-titles
g1-neural-titles,astro,entity-graph,fusion,True,40,0.6947023065501792,0.8229166666666666,0.7670833333333333,0.65,1015.0020239962032,86.9863777999999,114816438,241.728499,282.714815,1,neural-titles
g1-neural-titles,astro,entity-graph,lexical,False,40,0.726198653452655,0.825,0.8204166666666668,0.6,1017.0228379938635,86.9863777999999,114816438,241.728499,282.714815,1,neural-titles
g1-neural-titles,astro,entity-graph,traversal,False,40,0.32300205166298396,0.5041666666666667,0.303125,0.35,1033.9739720002399,86.9863777999999,114816438,241.728499,282.714815,1,neural-titles
g1-neural-titles,enterprise,adaptive,adaptive,True,40,0.5033603261131847,0.5899801587301587,0.5747222222222221,0.475,1302.6524480010266,61.60653933299909,8016106,94.708264,135.757878,1,neural-titles
g1-neural-titles,data-science,graphify,search,True,40,0.5440998456059355,0.5395833333333333,0.625,0.475,323.68442499864614,36.0458047639986,74673183,50.979723,92.278679,1,neural-titles
g1-neural-titles,astro,turso,lexical-sql,True,40,0.47813551023378115,0.6666666666666667,0.4916964285714286,0.475,136.7478129977826,19.50702738900145,32612315,23.6361,64.496788,1,neural-titles
g1-neural-titles,enterprise,ensemble,fast,False,40,0.5235778074844945,0.5899801587301587,0.5910416666666667,0.475,1364.8485480007366,268.46251640099945,22719373,378.46984,420.686039,1,neural-titles
g1-neural-titles,enterprise,ensemble,quality,True,40,0.5566385701162351,0.5899801587301587,0.6041666666666667,0.475,1643.53019400005,268.46251640099945,22719373,378.46984,420.686039,1,neural-titles
g1-neural-titles,enterprise,ensemble,robust,False,40,0.5033603261131847,0.5899801587301587,0.5747222222222221,0.475,1320.4445709998254,268.46251640099945,22719373,378.46984,420.686039,1,neural-titles
g1-neural-titles,data-science,ensemble,fast,False,40,0.9373767924218106,0.9916666666666666,0.9550000000000001,0.975,8657.59950500069,1231.2865368179991,917220248,2049.635849,2092.305844,1,neural-titles
g1-neural-titles,data-science,ensemble,quality,True,40,0.9296284469032129,0.9916666666666666,0.9410714285714287,0.975,10189.20205500035,1231.2865368179991,917220248,2049.635849,2092.305844,1,neural-titles
g1-neural-titles,data-science,ensemble,robust,False,40,0.9191690778762306,0.9916666666666666,0.9322916666666666,0.975,2165.9705710044364,1231.2865368179991,917220248,2049.635849,2092.305844,1,neural-titles
g1-neural-titles,astro,classical,association,False,40,0.8086737130807842,0.86875,0.9104166666666667,0.725,76.0285699943779,47.6405303260035,34361114,61.61671,103.614942,1,neural-titles
g1-neural-titles,astro,classical,bm25,False,40,0.7870382675036789,0.8625,0.8791666666666667,0.7,58.127258002059534,47.6405303260035,34361114,61.61671,103.614942,1,neural-titles
g1-neural-titles,astro,classical,fusion,True,40,0.8085569389955969,0.86875,0.9104166666666667,0.725,80.70428999781143,47.6405303260035,34361114,61.61671,103.614942,1,neural-titles
g1-neural-titles,astro,classical,topic,False,40,0.8086737130807842,0.86875,0.9104166666666667,0.725,77.0101199959754,47.6405303260035,34361114,61.61671,103.614942,1,neural-titles
g1-neural-titles,architecture,adaptive,adaptive,True,40,0.8629002689877016,0.9583333333333334,0.905,0.9,1693.1003860008786,129.6502818939989,152558593,193.885471,234.833954,1,neural-titles
g1-neural-bm25,astro,graphify,search,True,40,0.5779156769160976,0.7729166666666667,0.5792261904761904,0.6,141.69503100129077,35.42711835299997,17785739,40.960255,83.27378,1,neural-bm25
g1-neural-bm25,enterprise,legacy,lexical,True,40,0.5749695375722894,0.6192460317460318,0.5986111111111111,0.525,3.4085299994330853,35.54705644200294,4933955,36.407673,75.876545,1,neural-bm25
g1-neural-bm25,architecture,graphify,search,True,40,0.5775650846510725,0.5958333333333333,0.6875,0.425,95.56619000068167,15.513130008002918,32608496,20.172966,64.587361,1,neural-bm25
g1-neural-bm25,data-science,turso,lexical-sql,True,40,0.4016212910774567,0.74375,0.3178769841269841,0.65,480.54278299969155,20.32191085699742,158821350,37.505482,81.000587,1,neural-bm25
g1-neural-bm25,enterprise,turso,lexical-sql,True,40,0.40319114502840775,0.49871031746031746,0.40854166666666664,0.4,39.06512399407802,39.79600773400307,23927107,41.704764,82.994077,1,neural-bm25
g1-neural-bm25,architecture,classical,association,False,40,0.8993183581083086,0.9645833333333333,0.9333333333333333,0.9,692.2936030023266,139.27780124799756,172206005,263.019616,305.5085,1,neural-bm25
g1-neural-bm25,architecture,classical,bm25,False,40,0.801131654429249,0.8020833333333334,0.9145833333333334,0.575,702.6362219985458,139.27780124799756,172206005,263.019616,305.5085,1,neural-bm25
g1-neural-bm25,architecture,classical,fusion,True,40,0.8982687155213783,0.9645833333333333,0.9291666666666666,0.9,717.54255900305,139.27780124799756,172206005,263.019616,305.5085,1,neural-bm25
g1-neural-bm25,architecture,classical,topic,False,40,0.8990500027843431,0.9645833333333333,0.9333333333333333,0.9,716.2773629970616,139.27780124799756,172206005,263.019616,305.5085,1,neural-bm25
g1-neural-bm25,enterprise,entity-graph,entity,False,40,0.4525282790837736,0.5657738095238095,0.46673611111111113,0.45,52.084135997574776,61.30207316199812,13856388,68.84332,109.909453,1,neural-bm25
g1-neural-bm25,enterprise,entity-graph,fusion,True,40,0.47275963568195856,0.5831349206349207,0.47506944444444443,0.5,51.866850997612346,61.30207316199812,13856388,68.84332,109.909453,1,neural-bm25
g1-neural-bm25,enterprise,entity-graph,lexical,False,40,0.5832760502661439,0.6373015873015873,0.590625,0.55,53.71996999747353,61.30207316199812,13856388,68.84332,109.909453,1,neural-bm25
g1-neural-bm25,enterprise,entity-graph,traversal,False,40,0.43274149507640913,0.5032738095238095,0.4604166666666667,0.375,53.6112879999564,61.30207316199812,13856388,68.84332,109.909453,1,neural-bm25
g1-neural-bm25,architecture,ensemble,fast,False,40,0.8675705198381509,0.9604166666666666,0.9091666666666667,0.9,4266.624783005682,600.9088298650022,458364154,1027.499393,1069.439697,1,neural-bm25
g1-neural-bm25,architecture,ensemble,quality,True,40,0.8512091417677817,0.9604166666666666,0.8800000000000001,0.9,5540.53706000559,600.9088298650022,458364154,1027.499393,1069.439697,1,neural-bm25
g1-neural-bm25,architecture,ensemble,robust,False,40,0.8579850860692957,0.9604166666666666,0.905,0.9,1788.0808170011733,600.9088298650022,458364154,1027.499393,1069.439697,1,neural-bm25
g1-neural-bm25,data-science,embeddings,hybrid,True,40,0.8789004393851517,0.975,0.8834325396825398,0.95,932.1331820028718,51.103435732002254,79076741,128.332486,170.48677,1,neural-bm25
g1-neural-bm25,data-science,embeddings,lexical,False,40,0.6323564091118224,0.8333333333333334,0.5818749999999999,0.75,758.1892890011659,51.103435732002254,79076741,128.332486,170.48677,1,neural-bm25
g1-neural-bm25,data-science,embeddings,vector,False,40,0.8791962894255173,0.975,0.87375,0.925,134.28491999366088,51.103435732002254,79076741,128.332486,170.48677,1,neural-bm25
g1-neural-bm25,data-science,classical,association,False,40,0.8053872497363544,0.7854166666666667,0.9125,0.7,872.3326629988151,238.771832006998,266251750,401.235383,442.453058,1,neural-bm25
g1-neural-bm25,data-science,classical,bm25,False,40,0.9332908981748316,0.9833333333333334,0.9402777777777779,0.95,827.7505139994901,238.771832006998,266251750,401.235383,442.453058,1,neural-bm25
g1-neural-bm25,data-science,classical,fusion,True,40,0.8053872497363544,0.7854166666666667,0.9125,0.7,881.2265800006571,238.771832006998,266251750,401.235383,442.453058,1,neural-bm25
g1-neural-bm25,data-science,classical,topic,False,40,0.8053872497363544,0.7854166666666667,0.9125,0.7,795.7222080003703,238.771832006998,266251750,401.235383,442.453058,1,neural-bm25
g1-neural-bm25,enterprise,embeddings,hybrid,True,40,0.6319043854152289,0.6838293650793651,0.64375,0.575,184.37892800284317,79.08511993700085,9891587,98.701577,140.139327,1,neural-bm25
g1-neural-bm25,enterprise,embeddings,lexical,False,40,0.5906691808155105,0.6185515873015872,0.615,0.5,10.028502998466138,79.08511993700085,9891587,98.701577,140.139327,1,neural-bm25
g1-neural-bm25,enterprise,embeddings,vector,False,40,0.6070458273832384,0.6893849206349206,0.6081547619047619,0.575,195.2944730001036,79.08511993700085,9891587,98.701577,140.139327,1,neural-bm25
g1-neural-bm25,architecture,legacy,lexical,True,40,0.8154736310803241,0.95,0.80625,0.9,0.1999220039579086,4.910823075995722,25449713,6.358987,47.702858,1,neural-bm25
g1-neural-bm25,architecture,entity-graph,entity,False,40,0.8175814821278008,0.9354166666666666,0.8114880952380952,0.825,2802.0213960044202,200.29528742600087,318372177,632.854842,675.416476,1,neural-bm25
g1-neural-bm25,architecture,entity-graph,fusion,True,40,0.8342284796895436,0.975,0.8125,0.925,2793.0768509977497,200.29528742600087,318372177,632.854842,675.416476,1,neural-bm25
g1-neural-bm25,architecture,entity-graph,lexical,False,40,0.8793103338381147,0.9770833333333334,0.885,0.95,2795.6523210013984,200.29528742600087,318372177,632.854842,675.416476,1,neural-bm25
g1-neural-bm25,architecture,entity-graph,traversal,False,40,0.8030291944690846,0.9291666666666666,0.8091666666666667,0.85,2812.1685610021814,200.29528742600087,318372177,632.854842,675.416476,1,neural-bm25
g1-neural-bm25,astro,ensemble,fast,False,40,0.7793218639293157,0.8708333333333333,0.8548611111111111,0.725,3655.1460530026816,278.57362030000513,145852635,563.059055,605.115727,1,neural-bm25
g1-neural-bm25,astro,ensemble,quality,True,40,0.776574550158071,0.8708333333333333,0.8510416666666666,0.725,4023.642871994525,278.57362030000513,145852635,563.059055,605.115727,1,neural-bm25
g1-neural-bm25,astro,ensemble,robust,False,40,0.777380336447773,0.8708333333333333,0.8390277777777777,0.725,2809.493354005099,278.57362030000513,145852635,563.059055,605.115727,1,neural-bm25
g1-neural-bm25,architecture,embeddings,hybrid,True,40,0.7708433851860573,0.9354166666666666,0.7881944444444444,0.8,550.145806002547,29.36767165499623,38304143,76.831578,119.366436,1,neural-bm25
g1-neural-bm25,architecture,embeddings,lexical,False,40,0.7213464747415359,0.9291666666666666,0.715654761904762,0.825,403.2692210021196,29.36767165499623,38304143,76.831578,119.366436,1,neural-bm25
g1-neural-bm25,architecture,embeddings,vector,False,40,0.7573070003305074,0.9125,0.7765277777777777,0.775,136.94245099759428,29.36767165499623,38304143,76.831578,119.366436,1,neural-bm25
g1-neural-bm25,architecture,turso,lexical-sql,True,40,0.5840043018567261,0.8625,0.5272023809523809,0.725,346.2452489984571,11.078858177999791,76846321,22.956878,65.489476,1,neural-bm25
g1-neural-bm25,enterprise,classical,association,False,40,0.4728699201415655,0.45863095238095236,0.5625,0.375,43.233534997852985,59.87630781700136,8014930,65.721754,108.918873,1,neural-bm25
g1-neural-bm25,enterprise,classical,bm25,False,40,0.5894915401009949,0.6498015873015872,0.6066964285714286,0.55,38.96359200007282,59.87630781700136,8014930,65.721754,108.918873,1,neural-bm25
g1-neural-bm25,enterprise,classical,fusion,True,40,0.442499636298842,0.4398809523809524,0.5625,0.35,41.49718699773075,59.87630781700136,8014930,65.721754,108.918873,1,neural-bm25
g1-neural-bm25,enterprise,classical,topic,False,40,0.4780081877907472,0.4622023809523809,0.5625,0.375,41.40202300186502,59.87630781700136,8014930,65.721754,108.918873,1,neural-bm25
g1-neural-bm25,data-science,adaptive,adaptive,True,40,0.9196591552903186,0.9916666666666666,0.9319444444444445,0.975,2609.8561939943465,235.38026075800008,266252926,341.370125,383.800618,1,neural-bm25
g1-neural-bm25,astro,legacy,lexical,True,40,0.6051893734409577,0.7541666666666667,0.6446527777777777,0.575,2.6866449989029206,16.183449367999856,8773595,17.170295,58.355186,1,neural-bm25
g1-neural-bm25,data-science,entity-graph,entity,False,40,0.8082232181770198,0.9666666666666666,0.7966666666666666,0.9,7494.569655995292,458.59079086699785,676957164,1562.125822,1604.438176,1,neural-bm25
g1-neural-bm25,data-science,entity-graph,fusion,True,40,0.8074350170222658,0.975,0.7835714285714286,0.925,7109.57749899535,458.59079086699785,676957164,1562.125822,1604.438176,1,neural-bm25
g1-neural-bm25,data-science,entity-graph,lexical,False,40,0.89218685321917,0.9833333333333334,0.8895833333333334,0.95,7349.24361800222,458.59079086699785,676957164,1562.125822,1604.438176,1,neural-bm25
g1-neural-bm25,data-science,entity-graph,traversal,False,40,0.5120233581543807,0.7958333333333333,0.43548611111111113,0.725,7008.904986003472,458.59079086699785,676957164,1562.125822,1604.438176,1,neural-bm25
g1-neural-bm25,astro,embeddings,hybrid,True,40,0.7434446547499104,0.9104166666666667,0.73625,0.75,234.65445000329055,64.42664055600471,13779764,88.3323,129.353806,1,neural-bm25
g1-neural-bm25,astro,embeddings,lexical,False,40,0.8595317947189383,0.8875,0.9541666666666666,0.725,81.30072400672361,64.42664055600471,13779764,88.3323,129.353806,1,neural-bm25
g1-neural-bm25,astro,embeddings,vector,False,40,0.5064517991429629,0.6770833333333333,0.5192261904761905,0.475,156.29090100264875,64.42664055600471,13779764,88.3323,129.353806,1,neural-bm25
g1-neural-bm25,data-science,legacy,lexical,True,40,0.8321588233274824,0.95,0.8175000000000001,0.9,0.4864630027441308,7.89891195299424,52554726,10.096902,52.255546,1,neural-bm25
g1-neural-bm25,astro,adaptive,adaptive,True,40,0.777380336447773,0.8708333333333333,0.8390277777777777,0.725,2663.4207210008753,47.14067355699808,34362290,111.020505,152.481388,1,neural-bm25
g1-neural-bm25,enterprise,graphify,search,True,40,0.13626228624863054,0.17371031746031745,0.20423611111111112,0.1,133.01903899991885,133.686206710001,14940327,137.712104,177.874247,1,neural-bm25
g1-neural-bm25,astro,entity-graph,entity,False,40,0.6801418974632101,0.8729166666666666,0.6886011904761904,0.725,1062.533231000998,87.84422524599358,114816438,245.853054,286.533735,1,neural-bm25
g1-neural-bm25,astro,entity-graph,fusion,True,40,0.6666633672811659,0.8229166666666666,0.7165277777777778,0.65,1041.02582300402,87.84422524599358,114816438,245.853054,286.533735,1,neural-bm25
g1-neural-bm25,astro,entity-graph,lexical,False,40,0.7562992627748882,0.8416666666666666,0.83125,0.675,1047.009939000418,87.84422524599358,114816438,245.853054,286.533735,1,neural-bm25
g1-neural-bm25,astro,entity-graph,traversal,False,40,0.32300205166298396,0.5041666666666667,0.303125,0.35,1036.0994470029254,87.84422524599358,114816438,245.853054,286.533735,1,neural-bm25
g1-neural-bm25,enterprise,adaptive,adaptive,True,40,0.5068734091416912,0.5906746031746032,0.5750694444444444,0.475,1332.6760700001614,61.59762521099765,8016106,95.194639,136.085331,1,neural-bm25
g1-neural-bm25,data-science,graphify,search,True,40,0.5440998456059355,0.5395833333333333,0.625,0.475,322.34073700237786,36.10075017299823,74673183,50.975685,92.12989,1,neural-bm25
g1-neural-bm25,astro,turso,lexical-sql,True,40,0.47813551023378115,0.6666666666666667,0.4916964285714286,0.475,137.96117599849822,19.760453248003614,32612315,23.933739,64.90666,1,neural-bm25
g1-neural-bm25,enterprise,ensemble,fast,False,40,0.5167544889452367,0.5906746031746032,0.5772916666666666,0.475,1383.8562439996167,271.82646498999384,22719373,384.078319,425.929886,1,neural-bm25
g1-neural-bm25,enterprise,ensemble,quality,True,40,0.5407662212621369,0.5906746031746032,0.5785714285714285,0.475,1665.0941240004613,271.82646498999384,22719373,384.078319,425.929886,1,neural-bm25
g1-neural-bm25,enterprise,ensemble,robust,False,40,0.5068734091416912,0.5906746031746032,0.5750694444444444,0.475,1341.5593320023618,271.82646498999384,22719373,384.078319,425.929886,1,neural-bm25
g1-neural-bm25,data-science,ensemble,fast,False,40,0.939818332139547,0.9916666666666666,0.9550000000000001,0.975,8940.531011998246,1251.9668660679963,917220248,2090.299417,2133.326178,1,neural-bm25
g1-neural-bm25,data-science,ensemble,quality,True,40,0.9390012152794902,0.9916666666666666,0.9410714285714287,0.975,10465.374858998985,1251.9668660679963,917220248,2090.299417,2133.326178,1,neural-bm25
g1-neural-bm25,data-science,ensemble,robust,False,40,0.9196591552903186,0.9916666666666666,0.9319444444444445,0.975,2152.0756149984663,1251.9668660679963,917220248,2090.299417,2133.326178,1,neural-bm25
g1-neural-bm25,astro,classical,association,False,40,0.7831209998952172,0.8791666666666667,0.8411111111111111,0.725,73.05053899472114,48.79596527499962,34361114,62.866895,105.525655,1,neural-bm25
g1-neural-bm25,astro,classical,bm25,False,40,0.7862756783794059,0.8708333333333333,0.8477083333333333,0.725,63.194398004270624,48.79596527499962,34361114,62.866895,105.525655,1,neural-bm25
g1-neural-bm25,astro,classical,fusion,True,40,0.777380336447773,0.8708333333333333,0.8390277777777777,0.725,73.74284799880115,48.79596527499962,34361114,62.866895,105.525655,1,neural-bm25
g1-neural-bm25,astro,classical,topic,False,40,0.7777582115921147,0.8708333333333333,0.8408333333333333,0.725,76.32722400012426,48.79596527499962,34361114,62.866895,105.525655,1,neural-bm25
g1-neural-bm25,architecture,adaptive,adaptive,True,40,0.8579850860692957,0.9604166666666666,0.905,0.9,1751.5898120036582,131.61657875300443,152558593,194.770522,237.239856,1,neural-bm25
g1-expand-titles,astro,graphify,search,True,40,0.5779156769160976,0.7729166666666667,0.5792261904761904,0.6,141.00700099515961,35.62840411300567,17785739,40.903654,83.714606,1,expand-titles
g1-expand-titles,enterprise,legacy,lexical,True,40,0.5749695375722894,0.6192460317460318,0.5986111111111111,0.525,3.0296870027086698,35.68992883099418,4933955,36.462538,76.141463,1,expand-titles
g1-expand-titles,architecture,graphify,search,True,40,0.5775650846510725,0.5958333333333333,0.6875,0.425,95.08501099480782,15.60402429899841,32608496,20.415477,64.352175,1,expand-titles
g1-expand-titles,data-science,turso,lexical-sql,True,40,0.4016212910774567,0.74375,0.3178769841269841,0.65,466.4656780005316,20.62610757999937,158821350,37.653334,81.89589,1,expand-titles
g1-expand-titles,enterprise,turso,lexical-sql,True,40,0.40319114502840775,0.49871031746031746,0.40854166666666664,0.4,38.94831799698295,39.93720615799975,23927107,41.853732,84.076035,1,expand-titles
g1-expand-titles,architecture,classical,association,False,40,0.9130658478616225,0.9583333333333334,0.9625,0.9,700.075045999256,138.82348725900374,172206008,262.092379,304.412985,1,expand-titles
g1-expand-titles,architecture,classical,bm25,False,40,0.8237233931556295,0.8083333333333333,0.9625,0.55,717.0091259977198,138.82348725900374,172206008,262.092379,304.412985,1,expand-titles
g1-expand-titles,architecture,classical,fusion,True,40,0.9130658478616225,0.9583333333333334,0.9625,0.9,690.9419009971316,138.82348725900374,172206008,262.092379,304.412985,1,expand-titles
g1-expand-titles,architecture,classical,topic,False,40,0.9130658478616225,0.9583333333333334,0.9625,0.9,687.3543740002788,138.82348725900374,172206008,262.092379,304.412985,1,expand-titles
g1-expand-titles,enterprise,entity-graph,entity,False,40,0.4525282790837736,0.5657738095238095,0.46673611111111113,0.45,51.902906998293474,61.70699959000194,13856388,69.058154,110.277862,1,expand-titles
g1-expand-titles,enterprise,entity-graph,fusion,True,40,0.4673466879301481,0.5803571428571429,0.47333333333333333,0.5,50.254640002094675,61.70699959000194,13856388,69.058154,110.277862,1,expand-titles
g1-expand-titles,enterprise,entity-graph,lexical,False,40,0.5940418860485238,0.6373015873015873,0.6077777777777778,0.55,51.29176899936283,61.70699959000194,13856388,69.058154,110.277862,1,expand-titles
g1-expand-titles,enterprise,entity-graph,traversal,False,40,0.43274149507640913,0.5032738095238095,0.4604166666666667,0.375,51.773084996966645,61.70699959000194,13856388,69.058154,110.277862,1,expand-titles
g1-expand-titles,architecture,ensemble,fast,False,40,0.8702974025182721,0.9583333333333334,0.9070833333333332,0.9,4347.326944996894,584.3176482519993,458363805,991.843432,1033.96717,1,expand-titles
g1-expand-titles,architecture,ensemble,quality,True,40,0.8547148866549943,0.9583333333333334,0.8800000000000001,0.9,5181.910547995358,584.3176482519993,458363805,991.843432,1033.96717,1,expand-titles
g1-expand-titles,architecture,ensemble,robust,False,40,0.8591134057567977,0.9583333333333334,0.8925000000000001,0.9,1646.9697209977312,584.3176482519993,458363805,991.843432,1033.96717,1,expand-titles
g1-expand-titles,data-science,embeddings,hybrid,True,40,0.60043749109768,0.8895833333333334,0.5200297619047619,0.8,783.6714180011768,21.13433906499995,79076656,82.949304,124.378458,1,expand-titles
g1-expand-titles,data-science,embeddings,lexical,False,40,0.6323564091118224,0.8333333333333334,0.5818749999999999,0.75,756.1986590008019,21.13433906499995,79076656,82.949304,124.378458,1,expand-titles
g1-expand-titles,data-science,embeddings,vector,False,40,0.3938300811301899,0.7041666666666667,0.29134920634920636,0.675,2.048446003755089,21.13433906499995,79076656,82.949304,124.378458,1,expand-titles
g1-expand-titles,data-science,classical,association,False,40,0.8053872497363544,0.7854166666666667,0.9125,0.7,764.1587669932051,242.42055941199942,266251753,397.503181,439.11457,1,expand-titles
g1-expand-titles,data-science,classical,bm25,False,40,0.9328206725229485,0.9833333333333334,0.9410714285714287,0.95,806.858657997509,242.42055941199942,266251753,397.503181,439.11457,1,expand-titles
g1-expand-titles,data-science,classical,fusion,True,40,0.8053872497363544,0.7854166666666667,0.9125,0.7,844.9558199936291,242.42055941199942,266251753,397.503181,439.11457,1,expand-titles
g1-expand-titles,data-science,classical,topic,False,40,0.8053872497363544,0.7854166666666667,0.9125,0.7,793.1162149980082,242.42055941199942,266251753,397.503181,439.11457,1,expand-titles
g1-expand-titles,enterprise,embeddings,hybrid,True,40,0.516406878690786,0.5991071428571428,0.541875,0.5,45.24898099771235,63.116419441998005,7169691,67.606718,108.823136,1,expand-titles
g1-expand-titles,enterprise,embeddings,lexical,False,40,0.5906691808155105,0.6185515873015872,0.615,0.5,9.603424994566012,63.116419441998005,7169691,67.606718,108.823136,1,expand-titles
g1-expand-titles,enterprise,embeddings,vector,False,40,0.32558215828649456,0.36924603174603177,0.3771825396825397,0.25,34.99642200040398,63.116419441998005,7169691,67.606718,108.823136,1,expand-titles
g1-expand-titles,architecture,legacy,lexical,True,40,0.8154736310803241,0.95,0.80625,0.9,0.28012300026603043,4.911398028001713,25449713,6.366468,47.496106,1,expand-titles
g1-expand-titles,architecture,entity-graph,entity,False,40,0.8175814821278008,0.9354166666666666,0.8114880952380952,0.825,2763.612752001791,199.76875826300238,318372177,629.561735,671.981872,1,expand-titles
g1-expand-titles,architecture,entity-graph,fusion,True,40,0.8350413379424438,0.975,0.8133333333333332,0.925,2790.4105429988704,199.76875826300238,318372177,629.561735,671.981872,1,expand-titles
g1-expand-titles,architecture,entity-graph,lexical,False,40,0.8898418537701088,0.9833333333333334,0.8925000000000001,0.95,2776.4090679993387,199.76875826300238,318372177,629.561735,671.981872,1,expand-titles
g1-expand-titles,architecture,entity-graph,traversal,False,40,0.8030291944690846,0.9291666666666666,0.8091666666666667,0.85,2798.717536999902,199.76875826300238,318372177,629.561735,671.981872,1,expand-titles
g1-expand-titles,astro,ensemble,fast,False,40,0.8043520364741241,0.8625,0.9041666666666666,0.7,3579.7642980032833,241.88986520600156,145084337,507.191668,548.983299,1,expand-titles
g1-expand-titles,astro,ensemble,quality,True,40,0.7984135355121207,0.8625,0.89375,0.7,3535.816702999,241.88986520600156,145084337,507.191668,548.983299,1,expand-titles
g1-expand-titles,astro,ensemble,robust,False,40,0.8006091744649313,0.8625,0.9041666666666666,0.7,2712.0764139981475,241.88986520600156,145084337,507.191668,548.983299,1,expand-titles
g1-expand-titles,architecture,embeddings,hybrid,True,40,0.7237714735653961,0.9208333333333334,0.7154464285714286,0.8,417.85270699620014,11.896737425005995,38303852,43.517409,86.219941,1,expand-titles
g1-expand-titles,architecture,embeddings,lexical,False,40,0.7213464747415359,0.9291666666666666,0.715654761904762,0.825,389.38393900025403,11.896737425005995,38303852,43.517409,86.219941,1,expand-titles
g1-expand-titles,architecture,embeddings,vector,False,40,0.6555841935573563,0.84375,0.6598809523809523,0.65,1.1740269983420148,11.896737425005995,38303852,43.517409,86.219941,1,expand-titles
g1-expand-titles,architecture,turso,lexical-sql,True,40,0.5840043018567261,0.8625,0.5272023809523809,0.725,333.05437799572246,11.231056758006162,76846321,22.978329,68.156226,1,expand-titles
g1-expand-titles,enterprise,classical,association,False,40,0.4772435834225347,0.45863095238095236,0.575,0.375,40.558599001087714,60.56014332099585,8014933,66.413837,107.822287,1,expand-titles
g1-expand-titles,enterprise,classical,bm25,False,40,0.5893268014207212,0.6456349206349207,0.6059027777777778,0.55,39.7755700032576,60.56014332099585,8014933,66.413837,107.822287,1,expand-titles
g1-expand-titles,enterprise,classical,fusion,True,40,0.4434644291211766,0.4246031746031746,0.575,0.325,41.97542800102383,60.56014332099585,8014933,66.413837,107.822287,1,expand-titles
g1-expand-titles,enterprise,classical,topic,False,40,0.48110404197809953,0.4622023809523809,0.575,0.375,40.559362998465076,60.56014332099585,8014933,66.413837,107.822287,1,expand-titles
g1-expand-titles,data-science,adaptive,adaptive,True,40,0.918869991908305,0.9916666666666666,0.9322916666666666,0.975,2504.3684289994417,236.86790764799662,266252929,341.050402,383.111492,1,expand-titles
g1-expand-titles,astro,legacy,lexical,True,40,0.6051893734409577,0.7541666666666667,0.6446527777777777,0.575,2.161513999453746,16.130878415999177,8773595,17.074412,58.539078,1,expand-titles
g1-expand-titles,data-science,entity-graph,entity,False,40,0.8082232181770198,0.9666666666666666,0.7966666666666666,0.9,7243.979810999008,453.9032752659987,676957164,1516.736998,1559.428341,1,expand-titles
g1-expand-titles,data-science,entity-graph,fusion,True,40,0.8579062471314278,0.975,0.86875,0.925,6671.490623004502,453.9032752659987,676957164,1516.736998,1559.428341,1,expand-titles
g1-expand-titles,data-science,entity-graph,lexical,False,40,0.9030992238880928,0.9916666666666666,0.8875,0.975,7047.498104999249,453.9032752659987,676957164,1516.736998,1559.428341,1,expand-titles
g1-expand-titles,data-science,entity-graph,traversal,False,40,0.5120233581543807,0.7958333333333333,0.43548611111111113,0.725,6716.619635997631,453.9032752659987,676957164,1516.736998,1559.428341,1,expand-titles
g1-expand-titles,astro,embeddings,hybrid,True,40,0.7851983317054789,0.8583333333333334,0.8554166666666667,0.7,94.97973600082332,26.778217574996233,13011524,35.153526,78.609513,1,expand-titles
g1-expand-titles,astro,embeddings,lexical,False,40,0.8595317947189383,0.8875,0.9541666666666666,0.725,80.00453699787613,26.778217574996233,13011524,35.153526,78.609513,1,expand-titles
g1-expand-titles,astro,embeddings,vector,False,40,0.5334457484471828,0.6875,0.551875,0.55,15.657242998713627,26.778217574996233,13011524,35.153526,78.609513,1,expand-titles
g1-expand-titles,data-science,legacy,lexical,True,40,0.8321588233274824,0.95,0.8175000000000001,0.9,0.29339699540287256,8.30228263400204,52554726,10.539427,52.710507,1,expand-titles
g1-expand-titles,astro,adaptive,adaptive,True,40,0.8006091744649313,0.8625,0.9041666666666666,0.7,2547.2141170030227,47.89328962100262,34362293,108.822666,150.535503,1,expand-titles
g1-expand-titles,enterprise,graphify,search,True,40,0.13626228624863054,0.17371031746031745,0.20423611111111112,0.1,132.30946299881907,135.0437386229969,14940327,139.03845,179.072345,1,expand-titles
g1-expand-titles,astro,entity-graph,entity,False,40,0.6801418974632101,0.8729166666666666,0.6886011904761904,0.725,1012.611967002158,88.24605545200029,114816438,243.693588,284.787006,1,expand-titles
g1-expand-titles,astro,entity-graph,fusion,True,40,0.6947023065501792,0.8229166666666666,0.7670833333333333,0.65,1024.6238940017065,88.24605545200029,114816438,243.693588,284.787006,1,expand-titles
g1-expand-titles,astro,entity-graph,lexical,False,40,0.726198653452655,0.825,0.8204166666666668,0.6,1029.555295004684,88.24605545200029,114816438,243.693588,284.787006,1,expand-titles
g1-expand-titles,astro,entity-graph,traversal,False,40,0.32300205166298396,0.5041666666666667,0.303125,0.35,1033.299752001767,88.24605545200029,114816438,243.693588,284.787006,1,expand-titles
g1-expand-titles,enterprise,adaptive,adaptive,True,40,0.5056922738907149,0.5649801587301587,0.585515873015873,0.45,1301.7406509970897,61.49825520900049,8016109,94.367612,135.364664,1,expand-titles
g1-expand-titles,data-science,graphify,search,True,40,0.5440998456059355,0.5395833333333333,0.625,0.475,323.4718059975421,36.45768910899642,74673183,51.483706,92.490211,1,expand-titles
g1-expand-titles,astro,turso,lexical-sql,True,40,0.47813551023378115,0.6666666666666667,0.4916964285714286,0.475,137.66226999723585,19.713240126999153,32612315,23.857084,64.990032,1,expand-titles
g1-expand-titles,enterprise,ensemble,fast,False,40,0.515119339220484,0.5649801587301587,0.5873214285714285,0.45,1397.232969997276,239.87102534999576,19997419,345.187109,386.789559,1,expand-titles
g1-expand-titles,enterprise,ensemble,quality,True,40,0.5401874564475949,0.5649801587301587,0.5944444444444444,0.45,1479.6243899982073,239.87102534999576,19997419,345.187109,386.789559,1,expand-titles
g1-expand-titles,enterprise,ensemble,robust,False,40,0.5056922738907149,0.5649801587301587,0.585515873015873,0.45,1319.5291929951054,239.87102534999576,19997419,345.187109,386.789559,1,expand-titles
g1-expand-titles,astro,classical,association,False,40,0.8006091744649313,0.8625,0.9041666666666666,0.7,77.25152900093235,46.8897383500007,34361117,60.904797,102.929807,1,expand-titles
g1-expand-titles,astro,classical,bm25,False,40,0.7870382675036789,0.8625,0.8791666666666667,0.7,62.81325700547313,46.8897383500007,34361117,60.904797,102.929807,1,expand-titles
g1-expand-titles,astro,classical,fusion,True,40,0.8006091744649313,0.8625,0.9041666666666666,0.7,73.91542499681236,46.8897383500007,34361117,60.904797,102.929807,1,expand-titles
g1-expand-titles,astro,classical,topic,False,40,0.8006091744649313,0.8625,0.9041666666666666,0.7,75.16030000260798,46.8897383500007,34361117,60.904797,102.929807,1,expand-titles
g1-expand-titles,architecture,adaptive,adaptive,True,40,0.8591134057567977,0.9583333333333334,0.8925000000000001,0.9,1804.948835997493,132.76196096099738,152558596,196.936028,238.388204,1,expand-titles
